date,open,high,low,close,volume,price_change,label
2018-06-04,87.420000,88.230000,87.050000,88.150000,901540,0.009189,1
2018-06-05,88.150000,89.990000,87.130000,88.960000,996780,0.024843,1
2018-06-06,88.150000,91.390000,86.460000,91.170000,2053160,0.000768,1
2018-06-07,91.750000,92.120000,90.510000,91.240000,1475370,0.000000,0
2018-06-08,90.510000,91.680000,89.620000,91.240000,902860,0.000767,1
2018-06-11,91.090000,91.900000,89.990000,91.310000,1434380,0.000876,1
2018-06-12,88.150000,91.530000,88.150000,91.390000,2086270,0.028887,1
2018-06-13,89.620000,94.030000,89.620000,94.030000,1823230,-0.015633,0
2018-06-14,94.620000,94.620000,91.830000,92.560000,1578250,-0.019771,0
2018-06-15,92.560000,93.150000,90.730000,90.730000,4770820,-0.000882,0
2018-06-18,90.730000,92.490000,89.990000,90.650000,1411490,-0.003199,0
2018-06-19,89.260000,90.650000,85.950000,90.360000,2024310,0.016268,1
2018-06-20,90.360000,91.830000,89.620000,91.830000,872130,-0.008058,0
2018-06-21,91.830000,92.190000,89.770000,91.090000,1700320,-0.009661,0
2018-06-22,91.750000,91.750000,90.210000,90.210000,461620,0.007316,1
2018-06-25,91.830000,91.830000,90.360000,90.870000,562650,0.012105,1
2018-06-27,90.800000,92.420000,90.360000,91.970000,1177710,0.039034,1
2018-06-28,93.330000,98.400000,93.330000,95.560000,1193310,0.000000,0
2018-06-29,93.420000,95.820000,93.420000,95.560000,2967850,-0.002825,0
2018-07-02,94.220000,96.440000,94.220000,95.290000,953200,-0.069997,0
2018-07-03,94.220000,95.110000,88.620000,88.620000,3208300,0.053148,1
2018-07-04,88.440000,94.400000,86.220000,93.330000,1971010,0.014358,1
2018-07-05,92.440000,95.380000,91.560000,94.670000,1420080,-0.002852,0
2018-07-06,92.530000,95.020000,90.490000,94.400000,1431620,-0.011335,0
2018-07-09,94.220000,95.380000,92.890000,93.330000,701990,-0.018965,0
2018-07-10,93.330000,94.670000,91.110000,91.560000,795030,0.014526,1
2018-07-11,89.780000,92.890000,88.890000,92.890000,840120,-0.014318,0
2018-07-12,93.240000,93.240000,89.780000,91.560000,357710,0.000000,0
2018-07-13,92.620000,92.620000,90.670000,91.560000,564040,-0.004915,0
2018-07-16,92.000000,92.000000,89.780000,91.110000,1073340,0.014598,1
2018-07-17,89.780000,92.530000,88.890000,92.440000,1207830,0.009628,1
2018-07-18,91.110000,93.330000,91.110000,93.330000,1918790,0.000000,0
2018-07-19,93.330000,93.330000,91.560000,93.330000,2857260,-0.013286,0
2018-07-20,92.000000,93.330000,92.000000,92.090000,2187590,0.003801,1
2018-07-23,92.090000,94.670000,91.820000,92.440000,1255810,0.003894,1
2018-07-25,92.890000,93.690000,92.530000,92.800000,755570,0.015302,1
2018-07-26,93.600000,94.220000,92.800000,94.220000,1297470,0.003821,1
2018-07-27,95.110000,95.640000,93.960000,94.580000,1187590,0.000000,0
2018-07-30,95.020000,95.020000,93.870000,94.580000,1158200,0.000000,0
2018-07-31,94.220000,95.560000,93.420000,94.580000,1902890,0.000952,1
2018-08-01,94.490000,95.560000,94.490000,94.670000,1267370,0.001796,1
2018-08-02,94.670000,95.470000,94.400000,94.840000,1629230,0.045023,1
2018-08-03,95.290000,100.180000,94.930000,99.110000,2531090,0.000000,0
2018-08-06,99.560000,100.360000,97.510000,99.110000,3669840,-0.010796,0
2018-08-07,98.670000,99.110000,97.690000,98.040000,1103740,-0.013566,0
2018-08-08,97.510000,98.580000,96.530000,96.710000,1617710,-0.042291,0
2018-08-09,95.560000,96.620000,92.440000,92.620000,2819240,0.000000,0
2018-08-10,92.440000,94.040000,89.780000,92.620000,1885210,-0.013388,0
2018-08-13,92.000000,92.440000,90.130000,91.380000,1730190,0.004815,1
2018-08-14,91.380000,92.980000,90.490000,91.820000,1167680,-0.013505,0
2018-08-15,91.820000,92.710000,90.580000,90.580000,644810,0.001987,1
2018-08-16,88.980000,91.640000,88.980000,90.760000,1225510,0.001873,1
2018-08-17,90.760000,91.820000,90.760000,90.930000,449530,0.002969,1
2018-08-20,90.670000,91.730000,90.670000,91.200000,1000000,0.004825,1
2018-08-21,91.110000,91.640000,90.670000,91.640000,1041910,0.004911,1
2018-08-22,92.000000,92.530000,91.640000,92.090000,795470,0.009664,1
2018-08-23,92.440000,94.130000,92.440000,92.980000,1808380,-0.005808,0
2018-08-24,92.980000,93.420000,92.270000,92.440000,1261290,0.001947,1
2018-08-27,92.530000,93.330000,92.270000,92.620000,839360,0.000000,0
2018-08-28,92.090000,92.890000,92.000000,92.620000,617620,-0.011445,0
2018-08-29,92.620000,92.620000,91.560000,91.560000,533720,0.003823,1
2018-08-30,91.560000,92.000000,91.110000,91.910000,1172570,0.000000,0
2018-08-31,91.820000,91.910000,90.220000,91.910000,1811230,-0.012512,0
2018-09-04,91.910000,91.910000,90.670000,90.760000,343190,-0.005950,0
2018-09-05,90.760000,91.380000,90.220000,90.220000,610500,-0.034471,0
2018-09-06,89.870000,90.220000,87.110000,87.110000,918940,-0.008151,0
2018-09-07,85.420000,88.000000,85.420000,86.400000,698830,0.021644,1
2018-09-10,87.110000,88.800000,86.310000,88.270000,896450,0.019146,1
2018-09-11,87.560000,90.670000,87.560000,89.960000,726370,0.001890,1
2018-09-12,89.960000,91.560000,89.870000,90.130000,629760,-0.010762,0
2018-09-13,90.130000,90.670000,88.890000,89.160000,422540,0.006954,1
2018-09-14,89.160000,90.220000,88.620000,89.780000,614370,-0.019826,0
2018-09-17,89.600000,90.040000,87.910000,88.000000,465650,0.006023,1
2018-09-18,87.110000,88.530000,87.110000,88.530000,613160,-0.010053,0
2018-09-19,88.530000,88.980000,87.560000,87.640000,416470,-0.000913,0
2018-09-20,87.290000,88.440000,87.290000,87.560000,449420,0.000914,1
2018-09-21,87.560000,88.270000,87.470000,87.640000,1584980,0.010155,1
2018-09-24,87.640000,89.160000,87.640000,88.530000,323610,-0.001017,0
2018-09-25,88.530000,88.530000,88.180000,88.440000,426720,-0.004975,0
2018-09-26,88.180000,88.270000,88.000000,88.000000,505180,-0.004091,0
2018-09-27,88.000000,88.180000,87.560000,87.640000,497460,-0.002967,0
2018-09-28,87.640000,87.640000,87.200000,87.380000,857910,0.002060,1
2018-10-01,88.800000,91.110000,87.560000,87.560000,1269410,0.035519,1
2018-10-02,88.800000,90.670000,88.620000,90.670000,1206840,0.001875,1
2018-10-03,91.560000,92.360000,90.490000,90.840000,860380,-0.015632,0
2018-10-04,90.760000,90.840000,89.420000,89.420000,635150,-0.020801,0
2018-10-05,88.800000,89.240000,87.380000,87.560000,1868060,-0.019301,0
2018-10-08,86.760000,87.380000,85.690000,85.870000,1766100,0.000000,0
2018-10-09,85.870000,86.490000,85.420000,85.870000,944590,0.000000,0
2018-10-10,85.870000,86.840000,85.780000,85.870000,1213420,-0.037266,0
2018-10-11,81.780000,83.910000,79.910000,82.670000,3276160,0.032176,1
2018-10-12,82.670000,86.670000,82.490000,85.330000,1735640,-0.005156,0
2018-10-15,85.330000,85.960000,83.560000,84.890000,720500,0.032395,1
2018-10-16,84.440000,87.640000,83.730000,87.640000,1290720,0.004108,1
2018-10-17,87.640000,88.530000,87.290000,88.000000,1310430,0.001023,1
2018-10-18,87.560000,88.180000,87.110000,88.090000,896140,0.000000,0
2018-10-19,85.780000,88.090000,85.780000,88.090000,915870,0.000000,0
2018-10-22,87.200000,88.530000,86.310000,88.090000,536930,-0.001022,0
2018-10-23,87.200000,88.000000,85.780000,88.000000,608750,-0.002045,0
2018-10-24,87.110000,88.440000,86.670000,87.820000,681290,-0.020269,0
2018-10-25,85.960000,87.290000,84.090000,86.040000,404050,-0.004068,0
2018-10-26,85.510000,87.110000,85.070000,85.690000,653110,0.008286,1
2018-10-29,84.890000,86.840000,84.440000,86.400000,643700,-0.006134,0
2018-10-30,84.890000,86.490000,84.890000,85.870000,452080,0.006172,1
2018-10-31,84.980000,86.400000,84.980000,86.400000,582470,-0.017477,0
2018-11-01,85.780000,86.040000,84.440000,84.890000,1225020,0.005183,1
2018-11-05,85.330000,85.780000,84.530000,85.330000,664130,-0.001992,0
2018-11-06,85.330000,85.780000,84.800000,85.160000,597170,0.001996,1
2018-11-07,85.600000,85.600000,83.820000,85.330000,608180,0.000000,0
2018-11-08,85.330000,85.870000,85.160000,85.330000,383030,-0.001055,0
2018-11-09,84.440000,85.330000,84.440000,85.240000,602570,0.000000,0
2018-11-12,85.160000,85.330000,84.890000,85.240000,720990,-0.027100,0
2018-11-13,84.270000,84.440000,82.930000,82.930000,598800,0.015073,1
2018-11-14,83.200000,84.530000,83.020000,84.180000,450950,-0.031718,0
2018-11-15,84.180000,84.180000,80.800000,81.510000,689540,-0.017421,0
2018-11-16,81.510000,82.220000,79.820000,80.090000,895700,0.078786,1
2018-11-20,84.180000,86.400000,84.180000,86.400000,1470120,0.001042,1
2018-11-21,86.220000,86.490000,84.440000,86.490000,1609020,0.007168,1
2018-11-22,86.400000,87.110000,85.780000,87.110000,1345610,0.040868,1
2018-11-28,90.220000,90.670000,89.600000,90.670000,577600,0.000000,0
2018-11-29,91.110000,91.560000,90.400000,90.670000,367130,-0.002978,0
2018-11-30,89.780000,90.670000,86.670000,90.400000,1024240,0.001991,1
2018-12-03,90.490000,91.560000,90.040000,90.580000,262710,0.000994,1
2018-12-04,91.020000,91.020000,90.310000,90.670000,966490,0.000993,1
2018-12-05,90.580000,90.840000,89.780000,90.760000,461240,0.000000,0
2018-12-06,90.760000,90.840000,89.870000,90.760000,251610,0.000881,1
2018-12-07,90.760000,90.840000,90.220000,90.840000,460960,-0.000881,0
2018-12-10,90.670000,90.840000,89.870000,90.760000,806730,0.000881,1
2018-12-11,90.760000,90.840000,90.130000,90.840000,457470,0.000000,0
2018-12-12,90.840000,91.020000,90.670000,90.840000,403320,0.005945,1
2018-12-13,91.110000,92.360000,90.490000,91.380000,488820,-0.000985,0
2018-12-14,90.840000,91.560000,90.310000,91.290000,234660,-0.001972,0
2018-12-17,90.670000,91.290000,90.580000,91.110000,205950,-0.004829,0
2018-12-18,90.490000,90.670000,88.890000,90.670000,531470,0.000000,0
2018-12-19,90.670000,90.930000,89.330000,90.670000,506600,-0.000993,0
2018-12-20,89.780000,90.670000,89.600000,90.580000,387370,0.000994,1
2018-12-21,89.330000,90.670000,88.890000,90.670000,791040,0.000000,0
2018-12-24,90.670000,90.840000,90.040000,90.670000,216960,-0.000993,0
2018-12-25,88.980000,90.580000,88.980000,90.580000,293610,0.000000,0
2018-12-26,89.780000,90.580000,89.780000,90.580000,367750,0.004858,1
2018-12-27,89.780000,91.470000,89.780000,91.020000,690680,-0.009778,0
2019-01-14,90.040000,90.580000,89.070000,90.130000,562930,0.000999,1
2019-01-15,90.130000,90.220000,89.240000,90.220000,711450,0.004988,1
2019-01-16,90.220000,90.760000,89.600000,90.670000,518160,0.000000,0
2019-01-17,90.670000,90.840000,89.510000,90.670000,325130,0.001875,1
2019-01-18,90.220000,90.840000,89.690000,90.840000,498290,0.001982,1
2019-01-21,90.840000,91.020000,90.040000,91.020000,404250,0.000000,0
2019-01-22,91.020000,91.020000,90.220000,91.020000,258070,0.001978,1
2019-01-23,90.670000,92.180000,90.670000,91.200000,299570,0.001974,1
2019-01-24,91.110000,91.470000,90.840000,91.380000,184720,0.000985,1
2019-01-25,91.380000,92.000000,90.840000,91.470000,306670,0.007762,1
2019-01-28,91.470000,92.180000,91.200000,92.180000,381260,0.001953,1
2019-01-29,93.240000,93.240000,91.560000,92.360000,225310,0.000000,0
2019-01-31,92.440000,92.890000,91.110000,92.360000,651020,-0.049155,0
2019-02-01,92.270000,92.270000,87.820000,87.820000,2095840,0.052608,1
2019-02-11,90.490000,92.440000,89.960000,92.440000,527310,0.049113,1
2019-02-12,93.240000,96.980000,92.440000,96.980000,769110,-0.000928,0
2019-02-13,96.000000,97.160000,95.290000,96.890000,822040,0.035814,1
2019-02-14,96.890000,100.440000,96.890000,100.360000,995310,-0.007971,0
2019-02-15,100.440000,100.440000,99.560000,99.560000,670900,0.015167,1
2019-02-18,100.000000,101.070000,99.290000,101.070000,829150,0.020184,1
2019-02-19,100.890000,103.640000,100.890000,103.110000,1002020,0.004364,1
2019-02-20,102.400000,103.910000,102.400000,103.560000,678800,0.016222,1
2019-02-21,103.560000,105.240000,103.380000,105.240000,1162700,-0.011783,0
2019-02-22,104.890000,105.240000,103.640000,104.000000,720970,-0.005962,0
2019-02-25,104.000000,104.800000,103.020000,103.380000,624890,-0.006868,0
2019-02-26,103.110000,103.640000,100.890000,102.670000,792710,0.016461,1
2019-02-27,102.670000,104.800000,102.670000,104.360000,824620,-0.029034,0
2019-02-28,104.000000,104.360000,100.530000,101.330000,1132410,0.009671,1
2019-03-01,101.330000,104.000000,101.330000,102.310000,739260,0.020037,1
2019-03-04,103.730000,104.530000,102.930000,104.360000,660550,-0.000862,0
2019-03-05,104.360000,104.710000,103.910000,104.270000,706060,0.003357,1
2019-03-06,104.620000,104.620000,104.090000,104.620000,377280,0.012808,1
2019-03-07,104.800000,108.890000,104.710000,105.960000,1797980,-0.009249,0
2019-03-08,105.780000,106.310000,104.980000,104.980000,845280,0.001715,1
2019-03-11,104.000000,105.160000,104.000000,105.160000,429390,0.002472,1
2019-03-12,105.780000,106.130000,105.070000,105.420000,902200,-0.009296,0
2019-03-13,105.330000,106.670000,104.000000,104.440000,1262350,0.011107,1
2019-03-14,103.560000,105.600000,102.760000,105.600000,1155340,-0.000852,0
2019-03-15,106.040000,106.040000,104.800000,105.510000,1704580,0.021894,1
2019-03-18,106.670000,107.820000,105.870000,107.820000,1114570,-0.002411,0
2019-03-19,107.820000,108.800000,107.290000,107.560000,1190080,-0.006694,0
2019-03-20,107.560000,107.560000,105.870000,106.840000,780190,-0.026582,0
2019-03-21,106.670000,106.930000,104.000000,104.000000,1208480,0.013654,1
2019-03-22,104.000000,105.690000,104.000000,105.420000,1114660,-0.028647,0
2019-03-25,104.000000,104.270000,102.220000,102.400000,886800,-0.012988,0
2019-03-26,102.670000,103.820000,100.440000,101.070000,846570,0.001682,1
2019-03-27,102.220000,103.020000,101.240000,101.240000,772080,0.017582,1
2019-03-28,101.240000,103.020000,101.240000,103.020000,561880,0.000000,0
2019-03-29,103.020000,103.820000,103.020000,103.020000,1099970,0.005242,1
2019-04-01,103.470000,103.560000,102.930000,103.560000,828430,-0.001738,0
2019-04-02,103.910000,104.180000,103.290000,103.380000,1036350,-0.012091,0
2019-04-03,102.670000,103.110000,101.780000,102.130000,464270,0.001762,1
2019-04-04,102.490000,102.930000,101.420000,102.310000,383730,0.000000,0
2019-04-05,102.490000,102.580000,101.870000,102.310000,235790,0.003519,1
2019-04-08,102.400000,102.930000,102.040000,102.670000,435190,-0.021720,0
2019-04-09,103.110000,103.110000,100.270000,100.440000,1156710,-0.010554,0
2019-04-10,100.440000,101.330000,98.580000,99.380000,696000,0.028577,1
2019-04-11,99.380000,102.220000,99.380000,102.220000,350810,-0.015653,0
2019-04-12,102.220000,102.220000,100.440000,100.620000,551990,-0.000894,0
2019-04-16,97.330000,100.530000,96.000000,100.530000,1231190,-0.036208,0
2019-04-18,97.330000,97.780000,93.330000,96.890000,891240,0.010115,1
2019-04-19,97.780000,98.310000,96.180000,97.870000,414050,0.016348,1
2019-04-22,96.890000,99.470000,95.110000,99.470000,794060,0.009752,1
2019-04-23,99.470000,100.440000,98.670000,100.440000,534660,0.007168,1
2019-04-24,100.440000,101.330000,99.640000,101.160000,447820,-0.001779,0
2019-04-25,101.160000,101.160000,99.560000,100.980000,503490,0.000891,1
2019-04-26,99.560000,101.070000,99.560000,101.070000,826050,-0.000890,0
2019-05-02,101.160000,101.240000,100.440000,100.980000,190970,-0.009705,0
2019-05-03,101.070000,101.070000,99.640000,100.000000,705500,-0.002700,0
2019-05-06,99.560000,99.820000,97.960000,99.730000,290580,0.003610,1
2019-05-07,99.730000,100.710000,98.670000,100.090000,421350,0.000000,0
2019-05-08,99.110000,100.180000,99.020000,100.090000,348500,0.000000,0
2019-05-09,100.180000,100.180000,99.200000,100.090000,314140,0.000899,1
2019-05-10,100.090000,100.440000,99.730000,100.180000,289160,0.001797,1
2019-05-13,99.470000,100.360000,99.290000,100.360000,439200,0.005281,1
2019-05-14,99.560000,100.890000,99.470000,100.890000,539280,0.015859,1
2019-05-15,100.890000,103.290000,100.800000,102.490000,456790,0.013855,1
2019-05-16,102.490000,105.690000,102.490000,103.910000,773010,0.000000,0
2019-05-17,104.000000,104.980000,103.200000,103.910000,464260,0.005101,1
2019-05-20,104.000000,104.440000,103.200000,104.440000,406340,0.000000,0
2019-05-21,105.510000,105.510000,103.380000,104.440000,708620,0.000000,0
2019-05-22,104.180000,104.980000,103.110000,104.440000,382330,-0.004213,0
2019-05-23,104.000000,104.530000,103.290000,104.000000,249830,-0.017115,0
2019-05-24,102.670000,103.290000,101.600000,102.220000,628560,0.000000,0
2019-05-27,101.330000,103.020000,101.330000,102.220000,166080,-0.008707,0
2019-05-28,103.110000,103.110000,101.330000,101.330000,503270,0.010560,1
2019-05-29,102.130000,102.580000,101.330000,102.400000,357950,-0.001758,0
2019-05-30,102.400000,103.290000,102.220000,102.220000,572810,-0.003424,0
2019-05-31,102.930000,102.930000,101.870000,101.870000,296610,-0.000883,0
2019-06-03,101.330000,102.670000,100.440000,101.780000,281510,0.000884,1
2019-06-04,100.980000,102.580000,100.980000,101.870000,262740,0.011289,1
2019-06-05,102.220000,103.020000,102.220000,103.020000,244400,0.000000,0
2019-06-06,103.020000,103.020000,101.690000,103.020000,167500,0.009513,1
2019-06-07,103.640000,104.000000,103.200000,104.000000,286940,0.005096,1
2019-06-10,104.180000,105.510000,104.180000,104.530000,955890,-0.005070,0
2019-06-11,104.530000,104.710000,104.000000,104.000000,308910,-0.008558,0
2019-06-12,104.000000,104.440000,103.110000,103.110000,258350,-0.004267,0
2019-06-13,102.400000,103.020000,102.400000,102.670000,267940,0.000000,0
2019-06-14,103.110000,103.110000,101.600000,102.670000,350180,-0.008669,0
2019-06-17,103.020000,103.560000,101.160000,101.780000,415390,-0.004421,0
2019-06-18,101.960000,102.220000,101.160000,101.330000,433860,0.016678,1
2019-06-19,101.960000,103.020000,101.780000,103.020000,135220,0.000874,1
2019-06-20,103.290000,104.090000,102.760000,103.110000,317480,-0.012899,0
2019-06-21,103.560000,103.820000,101.780000,101.780000,594210,0.016604,1
2019-06-24,102.220000,103.640000,102.220000,103.470000,228390,0.000000,0
2019-06-25,103.560000,104.180000,103.380000,103.470000,510700,0.004252,1
2019-06-26,103.380000,104.000000,103.110000,103.910000,515020,-0.017130,0
2019-06-27,104.000000,104.000000,102.130000,102.130000,398280,0.006952,1
2019-06-28,102.220000,103.020000,101.070000,102.840000,468590,0.013030,1
2019-07-01,103.730000,104.180000,103.200000,104.180000,562110,-0.011998,0
2019-07-02,104.090000,104.270000,102.930000,102.930000,268150,-0.003400,0
2019-07-03,102.670000,103.110000,101.600000,102.580000,260170,0.009554,1
2019-07-04,102.220000,103.560000,102.220000,103.560000,265260,0.001642,1
2019-07-05,103.110000,103.820000,102.930000,103.730000,307400,-0.005977,0
2019-07-08,103.560000,103.730000,102.930000,103.110000,285840,0.000000,0
2019-07-09,103.110000,103.200000,102.400000,103.110000,187330,0.006886,1
2019-07-10,104.000000,104.440000,103.560000,103.820000,377060,-0.002504,0
2019-07-11,104.270000,104.440000,102.760000,103.560000,363380,-0.004345,0
2019-07-12,103.910000,104.000000,103.110000,103.110000,169920,-0.015517,0
2019-07-15,103.110000,103.290000,101.160000,101.510000,514900,0.014875,1
2019-07-16,102.220000,103.560000,101.510000,103.020000,473360,-0.003397,0
2019-07-17,103.110000,103.380000,102.220000,102.670000,213640,-0.006136,0
2019-07-18,102.220000,103.020000,102.040000,102.040000,454560,0.010486,1
2019-07-19,102.040000,103.110000,102.040000,103.110000,476260,0.004364,1
2019-07-22,103.110000,103.560000,102.220000,103.560000,395900,0.028293,1
2019-07-23,103.560000,106.930000,103.560000,106.490000,1502160,0.018312,1
2019-07-24,107.110000,108.620000,106.840000,108.440000,661870,0.009867,1
2019-07-25,107.200000,111.200000,107.200000,109.510000,740440,-0.008949,0
2019-07-26,109.070000,109.600000,108.090000,108.530000,416560,0.018889,1
2019-07-29,109.330000,110.580000,108.530000,110.580000,566870,-0.015283,0
2019-07-30,110.580000,111.110000,108.440000,108.890000,366670,-0.004133,0
2019-07-31,108.890000,109.510000,106.840000,108.440000,406490,0.019734,1
2019-08-01,109.330000,110.670000,108.890000,110.580000,365850,-0.015283,0
2019-08-02,108.440000,109.420000,108.360000,108.890000,483120,-0.036734,0
2019-08-05,108.530000,108.530000,104.890000,104.890000,760020,0.015254,1
2019-08-06,103.110000,106.490000,102.670000,106.490000,441590,-0.015025,0
2019-08-07,106.490000,106.840000,104.530000,104.890000,345950,0.033845,1
2019-08-08,104.890000,108.890000,104.890000,108.440000,545170,-0.014755,0
2019-08-09,108.440000,108.890000,106.840000,106.840000,400990,-0.001591,0
2019-08-12,106.840000,107.730000,106.670000,106.670000,107460,-0.015843,0
2019-08-13,106.580000,106.670000,104.890000,104.980000,310330,0.004191,1
2019-08-14,106.220000,106.670000,105.070000,105.420000,302420,0.020300,1
2019-08-15,104.000000,107.560000,104.000000,107.560000,327120,0.008181,1
2019-08-16,106.310000,108.710000,106.310000,108.440000,347380,-0.000738,0
2019-08-19,108.890000,108.890000,108.000000,108.360000,211950,-0.007383,0
2019-08-20,108.360000,108.890000,107.560000,107.560000,206540,0.011528,1
2019-08-21,107.560000,108.890000,107.560000,108.800000,252820,0.030239,1
2019-08-22,109.330000,112.440000,109.070000,112.090000,671970,-0.008743,0
2019-08-23,112.090000,112.090000,110.760000,111.110000,513250,-0.001620,0
2019-08-26,111.110000,111.110000,109.690000,110.930000,355930,-0.018390,0
2019-08-27,111.020000,111.730000,108.890000,108.890000,397260,-0.004133,0
2019-08-28,108.620000,109.780000,108.360000,108.440000,242730,0.004150,1
2019-08-29,109.780000,109.780000,107.640000,108.890000,350460,0.008173,1
2019-08-30,108.890000,110.130000,108.440000,109.780000,220710,-0.004099,0
2019-09-03,109.780000,110.580000,108.620000,109.330000,174400,-0.004848,0
2019-09-04,109.330000,109.780000,108.180000,108.800000,385500,-0.003309,0
2019-09-05,109.240000,109.690000,108.440000,108.440000,303110,-0.007377,0
2019-09-06,108.440000,109.330000,107.560000,107.640000,280330,0.012449,1
2019-09-09,108.360000,109.160000,107.640000,108.980000,165730,-0.004955,0
2019-09-10,109.330000,109.510000,108.440000,108.440000,247180,-0.004058,0
2019-09-11,108.440000,109.160000,107.560000,108.000000,176620,0.000000,0
2019-09-12,108.000000,108.530000,107.820000,108.000000,188180,0.007407,1
2019-09-13,108.530000,109.240000,107.380000,108.800000,278500,0.003309,1
2019-09-16,108.440000,110.840000,108.440000,109.160000,330670,0.000000,0
2019-09-17,108.530000,110.040000,108.440000,109.160000,416830,-0.004947,0
2019-09-18,108.890000,109.160000,108.530000,108.620000,181830,-0.005708,0
2019-09-19,108.890000,109.160000,107.910000,108.000000,345240,-0.017315,0
2019-09-20,107.910000,108.360000,106.130000,106.130000,1827050,-0.003298,0
2019-09-23,106.220000,107.020000,105.690000,105.780000,478830,0.009265,1
2019-09-24,105.780000,107.020000,105.780000,106.760000,258080,-0.003372,0
2019-09-25,106.760000,106.930000,105.780000,106.400000,256590,-0.005827,0
2019-09-26,106.670000,106.670000,105.600000,105.780000,334000,0.006712,1
2019-09-27,105.780000,106.930000,105.600000,106.490000,264300,0.000000,0
2019-09-30,106.670000,107.730000,106.310000,106.490000,308680,0.000845,1
2019-10-01,107.110000,107.470000,106.400000,106.580000,151960,-0.015857,0
2019-10-02,106.580000,107.110000,104.890000,104.890000,545260,0.000000,0
2019-10-03,104.180000,104.890000,104.090000,104.890000,650460,0.000000,0
2019-10-04,104.890000,105.510000,104.620000,104.890000,249050,-0.008485,0
2019-10-07,104.890000,104.980000,103.560000,104.000000,467120,0.000865,1
2019-10-08,104.180000,104.270000,103.470000,104.090000,353740,-0.000865,0
2019-10-09,103.910000,105.160000,103.730000,104.000000,221530,-0.000865,0
2019-10-10,104.440000,104.620000,103.820000,103.910000,273470,0.009431,1
2019-10-11,104.440000,104.890000,103.730000,104.890000,328950,0.000000,0
2019-10-14,105.330000,106.490000,104.440000,104.890000,358150,0.003337,1
2019-10-15,104.890000,106.040000,104.890000,105.240000,222070,-0.003326,0
2019-10-16,105.780000,105.780000,104.620000,104.890000,224670,-0.008485,0
2019-10-17,104.800000,105.330000,103.910000,104.000000,479110,0.000000,0
2019-10-18,104.000000,104.000000,103.560000,104.000000,261460,-0.000865,0
2019-10-21,104.000000,105.160000,103.110000,103.910000,205580,-0.000866,0
2019-10-22,104.890000,104.890000,103.820000,103.820000,175690,0.002601,1
2019-10-23,103.820000,104.440000,103.820000,104.090000,130200,0.000865,1
2019-10-24,104.090000,104.180000,103.560000,104.180000,396910,0.000000,0
2019-10-25,104.000000,104.360000,103.730000,104.180000,293710,0.004223,1
2019-10-28,104.000000,104.980000,103.730000,104.620000,268360,0.000860,1
2019-10-29,104.620000,104.800000,104.360000,104.710000,187020,0.015280,1
2019-10-30,104.890000,106.580000,104.710000,106.310000,600930,-0.004985,0
2019-10-31,106.670000,107.020000,105.780000,105.780000,840720,0.029401,1
2019-11-01,106.670000,108.890000,106.220000,108.890000,749070,-0.006520,0
2019-11-04,108.890000,108.890000,107.290000,108.180000,309680,-0.001664,0
2019-11-05,107.560000,108.440000,107.470000,108.000000,260520,0.003333,1
2019-11-06,108.000000,108.890000,107.560000,108.360000,517800,-0.009044,0
2019-11-07,108.440000,108.710000,107.380000,107.380000,246740,-0.002514,0
2019-11-08,108.090000,108.090000,106.670000,107.110000,492950,-0.013257,0
2019-11-11,107.110000,107.110000,105.690000,105.690000,281300,0.004163,1
2019-11-12,105.690000,106.580000,105.420000,106.130000,158520,-0.003298,0
2019-11-13,105.690000,106.130000,105.240000,105.780000,323490,0.002458,1
2019-11-14,105.780000,106.490000,105.600000,106.040000,250100,0.002546,1
2019-11-15,105.960000,107.380000,105.600000,106.310000,238410,-0.012511,0
2019-11-18,106.490000,106.490000,104.800000,104.980000,267820,-0.008478,0
2019-11-19,104.890000,105.070000,103.820000,104.090000,491510,-0.009415,0
2019-11-20,104.180000,104.180000,103.110000,103.110000,705410,-0.006013,0
2019-11-21,104.000000,104.000000,101.160000,102.490000,1567980,0.007806,1
2019-11-22,103.020000,103.910000,102.490000,103.290000,308940,-0.001743,0
2019-11-25,103.290000,103.290000,102.670000,103.110000,234180,-0.006886,0
2019-11-26,103.110000,103.110000,102.310000,102.400000,1027110,0.003516,1
2019-11-27,102.400000,103.380000,102.310000,102.760000,304630,0.000779,1
2019-11-28,102.310000,103.110000,101.600000,102.840000,232980,0.000000,0
2019-11-29,102.840000,103.200000,101.780000,102.840000,205040,-0.006029,0
2019-12-02,102.670000,103.380000,101.160000,102.220000,300040,0.000000,0
2019-12-03,102.220000,103.380000,101.510000,102.220000,300130,0.004402,1
2019-12-04,101.510000,102.670000,101.510000,102.670000,179900,0.002532,1
2019-12-05,103.110000,103.200000,102.670000,102.930000,167250,0.000874,1
2019-12-06,103.110000,103.380000,102.580000,103.020000,144740,0.000000,0
2019-12-09,102.930000,103.020000,102.220000,103.020000,188330,0.000000,0
2019-12-10,102.670000,103.020000,100.980000,103.020000,575810,0.000000,0
2019-12-11,103.020000,103.020000,101.780000,103.020000,301370,0.000874,1
2019-12-12,103.110000,103.110000,102.400000,103.110000,334050,0.000000,0
2019-12-13,102.930000,103.110000,102.130000,103.110000,295370,-0.001746,0
2019-12-16,103.110000,103.110000,102.040000,102.930000,377010,0.000000,0
2019-12-17,102.930000,102.930000,101.780000,102.930000,273030,0.000000,0
2019-12-18,102.220000,103.020000,101.780000,102.930000,847090,0.000000,0
2019-12-19,102.930000,103.110000,101.330000,102.930000,974360,0.000000,0
2019-12-20,102.930000,102.930000,101.960000,102.930000,839200,-0.000874,0
2019-12-23,102.930000,102.930000,101.600000,102.840000,591380,-0.001653,0
2019-12-24,102.760000,102.760000,101.600000,102.670000,449960,0.000000,0
2019-12-25,102.490000,102.670000,101.600000,102.670000,348350,-0.000877,0
2019-12-26,102.490000,102.840000,101.690000,102.580000,507390,-0.001755,0
2019-12-27,102.580000,102.580000,101.330000,102.400000,564070,-0.001758,0
2019-12-30,101.780000,102.220000,101.510000,102.220000,504080,0.000000,0
2019-12-31,102.220000,102.220000,101.420000,102.220000,614630,0.000000,0
2020-01-02,102.130000,102.220000,101.330000,102.220000,440280,0.002641,1
2020-01-03,102.220000,102.490000,101.600000,102.490000,248940,-0.006928,0
2020-01-06,102.220000,102.220000,101.690000,101.780000,301910,0.001769,1
2020-01-07,101.780000,102.220000,101.600000,101.960000,183910,-0.003531,0
2020-01-08,101.780000,101.960000,100.980000,101.600000,468910,0.003543,1
2020-01-09,101.600000,102.310000,101.510000,101.960000,273870,0.000785,1
2020-01-10,102.220000,102.220000,101.960000,102.040000,159120,0.000882,1
2020-01-13,101.960000,102.310000,101.780000,102.130000,146680,0.000881,1
2020-01-14,102.130000,102.310000,101.600000,102.220000,101150,0.000000,0
2020-01-15,102.220000,102.220000,101.600000,102.220000,205600,0.000000,0
2020-01-16,102.220000,102.310000,101.600000,102.220000,186740,-0.000880,0
2020-01-17,102.130000,102.310000,101.690000,102.130000,169100,0.000000,0
2020-01-20,102.130000,102.130000,101.600000,102.130000,370670,0.000000,0
2020-01-22,102.130000,102.130000,101.510000,102.130000,371780,0.000000,0
2020-01-30,101.420000,102.130000,99.640000,102.130000,682720,-0.000881,0
2020-01-31,102.130000,102.130000,100.980000,102.040000,831740,0.000000,0
2020-02-03,101.160000,102.040000,99.820000,102.040000,760420,0.000000,0
2020-02-04,100.980000,102.040000,99.380000,102.040000,1485500,-0.002548,0
2020-02-05,102.040000,102.040000,100.440000,101.780000,468420,-0.000884,0
2020-02-06,101.780000,101.960000,100.270000,101.690000,676290,0.000000,0
2020-02-07,101.330000,101.690000,99.560000,101.690000,1295520,-0.006097,0
2020-02-10,100.440000,101.420000,100.440000,101.070000,192700,-0.002671,0
2020-02-11,100.890000,101.510000,100.440000,100.800000,290630,-0.012302,0
2020-02-12,100.800000,100.800000,99.560000,99.560000,452790,0.003515,1
2020-02-13,99.110000,100.180000,99.020000,99.910000,285340,-0.021319,0
2020-02-14,99.820000,100.090000,97.780000,97.780000,252390,-0.018204,0
2020-02-17,97.780000,97.780000,93.330000,96.000000,742220,-0.032396,0
2020-02-18,95.110000,95.110000,92.440000,92.890000,791870,0.004737,1
2020-02-19,92.000000,95.110000,92.000000,93.330000,875320,0.047680,1
2020-02-20,94.220000,97.780000,93.330000,97.780000,353570,-0.000920,0
2020-02-21,96.530000,97.780000,95.820000,97.690000,309060,-0.023646,0
2020-02-24,95.200000,96.000000,93.780000,95.380000,1428650,-0.002831,0
2020-02-25,94.840000,95.380000,94.130000,95.110000,543820,-0.010304,0
2020-02-26,92.440000,94.760000,92.440000,94.130000,625410,-0.002762,0
2020-02-27,94.040000,94.220000,92.530000,93.870000,740420,-0.001918,0
2020-02-28,93.330000,93.690000,91.560000,93.690000,870840,0.000000,0
2020-03-02,92.440000,93.690000,91.290000,93.690000,742130,0.000961,1
2020-03-03,93.420000,93.870000,92.890000,93.780000,557950,0.000000,0
2020-03-04,92.980000,93.780000,92.000000,93.780000,443810,0.000960,1
2020-03-05,93.420000,94.130000,92.270000,93.870000,352300,-0.005753,0
2020-03-06,93.330000,93.330000,91.640000,93.330000,750830,-0.157077,0
2020-03-17,79.560000,82.040000,77.870000,78.670000,681330,0.005593,1
2020-03-18,78.130000,80.000000,76.890000,79.110000,785390,-0.003413,0
2020-03-19,77.240000,78.840000,73.870000,78.840000,1103680,-0.069888,0
2020-03-20,78.840000,78.840000,73.330000,73.330000,1083480,-0.069003,0
2020-03-23,69.330000,69.600000,68.270000,68.270000,678160,-0.068991,0
2020-03-24,63.820000,66.670000,63.560000,63.560000,1474050,0.069855,1
2020-03-25,63.560000,68.000000,60.440000,68.000000,1401570,0.069265,1
2020-03-26,68.980000,72.710000,67.200000,72.710000,1242250,0.061202,1
2020-03-27,72.890000,77.690000,70.670000,77.160000,1149310,-0.062208,0
2020-03-30,71.820000,72.890000,71.820000,72.360000,881240,0.024461,1
2020-03-31,72.360000,77.330000,71.470000,74.130000,1296450,0.031161,1
2020-04-01,73.330000,77.330000,72.000000,76.440000,437820,0.058216,1
2020-04-03,76.440000,80.890000,76.440000,80.890000,1184500,0.069230,1
2020-04-06,81.780000,86.490000,81.160000,86.490000,2698260,0.000000,0
2020-04-07,86.760000,89.690000,82.670000,86.490000,2855700,-0.033877,0
2020-04-08,86.220000,86.220000,83.560000,83.560000,760120,0.021182,1
2020-04-09,83.560000,86.490000,83.380000,85.330000,1560610,-0.010430,0
2020-04-10,85.330000,86.040000,83.290000,84.440000,983120,0.010540,1
2020-04-13,85.160000,85.330000,84.360000,85.330000,1411550,-0.004102,0
2020-04-14,85.780000,85.780000,84.000000,84.980000,631630,0.004119,1
2020-04-15,84.980000,85.330000,84.360000,85.330000,1176850,-0.001055,0
2020-04-16,85.240000,85.330000,84.180000,85.240000,845580,0.002112,1
2020-04-17,85.420000,85.420000,79.290000,85.420000,1191510,0.001054,1
2020-04-20,85.420000,85.690000,84.360000,85.510000,1055020,-0.033212,0
2020-04-21,84.890000,84.890000,82.220000,82.670000,892270,-0.005443,0
2020-04-22,81.780000,82.490000,80.440000,82.220000,884070,0.005473,1
2020-04-23,82.670000,84.360000,82.400000,82.670000,347420,0.000000,0
2020-04-24,82.670000,83.470000,82.130000,82.670000,300240,-0.010766,0
2020-04-27,84.440000,84.440000,81.780000,81.780000,453720,0.000000,0
2020-04-28,82.220000,82.580000,81.330000,81.780000,222920,-0.001101,0
2020-04-29,81.690000,83.020000,80.440000,81.690000,314400,-0.001102,0
2020-05-04,81.690000,82.220000,80.000000,81.600000,259550,0.009804,1
2020-05-05,81.600000,82.670000,81.600000,82.400000,274700,0.024757,1
2020-05-06,82.310000,84.440000,82.220000,84.440000,773570,0.010540,1
2020-05-07,84.440000,85.330000,83.560000,85.330000,617800,0.015704,1
2020-05-08,85.690000,88.890000,85.420000,86.670000,1683960,0.000000,0
2020-05-11,86.670000,87.110000,85.240000,86.670000,1358920,-0.005192,0
2020-05-12,86.580000,86.580000,84.440000,86.220000,770030,-0.020645,0
2020-05-13,84.530000,85.330000,81.330000,84.440000,2652530,0.010540,1
2020-05-14,84.440000,85.960000,83.470000,85.330000,1002810,0.010430,1
2020-05-15,85.330000,86.670000,85.160000,86.220000,327650,-0.005103,0
2020-05-18,86.220000,86.220000,84.890000,85.780000,229440,0.000000,0
2020-05-19,86.310000,86.580000,85.330000,85.780000,729850,0.001049,1
2020-05-20,85.690000,86.220000,85.420000,85.870000,254730,0.014440,1
2020-05-21,86.220000,87.110000,86.130000,87.110000,674380,-0.016301,0
2020-05-22,87.110000,87.110000,85.690000,85.690000,292930,0.007235,1
2020-05-25,85.510000,86.310000,85.330000,86.310000,216400,-0.002086,0
2020-05-26,86.220000,86.670000,85.690000,86.130000,360000,0.000000,0
2020-05-27,86.130000,87.020000,85.780000,86.130000,591440,0.001045,1
2020-05-28,86.130000,86.670000,85.600000,86.220000,314790,0.000000,0
2020-05-29,86.220000,86.670000,85.870000,86.220000,493500,0.002088,1
2020-06-01,86.220000,86.400000,85.780000,86.400000,481490,-0.005093,0
2020-06-02,86.400000,86.400000,85.780000,85.960000,501700,0.000931,1
2020-06-03,85.780000,86.040000,84.890000,86.040000,466430,-0.008252,0
2020-06-04,86.040000,86.040000,85.330000,85.330000,550740,-0.010430,0
2020-06-05,85.330000,85.510000,84.440000,84.440000,525870,0.010540,1
2020-06-08,85.330000,86.760000,84.620000,85.330000,482180,0.002109,1
2020-06-09,86.220000,86.220000,85.420000,85.510000,318400,-0.006198,0
2020-06-10,85.510000,85.510000,84.800000,84.980000,488490,-0.027183,0
2020-06-11,84.980000,85.510000,82.670000,82.670000,761540,-0.012943,0
2020-06-12,80.000000,82.220000,79.910000,81.600000,875940,-0.030515,0
2020-06-15,82.670000,82.670000,79.110000,79.110000,791710,0.049425,1
2020-06-16,81.330000,84.270000,79.910000,83.020000,658480,-0.016020,0
2020-06-17,82.670000,83.020000,80.440000,81.690000,380880,-0.009793,0
2020-06-18,81.690000,82.220000,80.800000,80.890000,312850,0.069230,1
2020-06-19,80.890000,86.490000,80.890000,86.490000,1840100,-0.004162,0
2020-06-22,86.220000,86.220000,84.620000,86.130000,508020,-0.027865,0
2020-06-23,85.510000,85.600000,83.730000,83.730000,432630,0.005374,1
2020-06-24,84.000000,84.530000,83.560000,84.180000,214320,-0.013780,0
2020-06-25,82.930000,83.910000,82.490000,83.020000,169470,-0.020357,0
2020-06-26,83.110000,83.910000,81.330000,81.330000,222240,-0.027296,0
2020-06-29,81.330000,81.690000,79.110000,79.110000,359370,0.000000,0
2020-06-30,80.890000,80.890000,79.110000,79.110000,350550,0.022500,1
2020-07-01,80.440000,81.330000,79.110000,80.890000,92060,-0.012115,0
2020-07-02,80.530000,80.980000,79.560000,79.910000,420700,0.003379,1
2020-07-03,80.800000,80.890000,79.910000,80.180000,163320,0.013220,1
2020-07-06,80.180000,81.690000,80.180000,81.240000,284020,-0.004308,0
2020-07-07,81.330000,81.960000,80.890000,80.890000,336860,-0.002225,0
2020-07-08,80.710000,81.330000,80.090000,80.710000,187450,0.002230,1
2020-07-09,80.710000,81.600000,80.620000,80.890000,399710,0.004327,1
2020-07-10,80.890000,81.780000,80.890000,81.240000,193330,-0.000985,0
2020-07-13,81.330000,81.420000,80.890000,81.160000,349810,0.000000,0
2020-07-14,81.160000,81.600000,80.180000,81.160000,340990,-0.008871,0
2020-07-15,81.510000,81.510000,80.440000,80.440000,384240,0.027723,1
2020-07-16,80.800000,82.670000,80.530000,82.670000,328050,-0.016209,0
2020-07-17,81.330000,81.780000,80.890000,81.330000,214530,-0.014140,0
2020-07-20,80.180000,81.240000,80.180000,80.180000,222400,0.000000,0
2020-07-21,81.070000,81.070000,80.180000,80.180000,220660,-0.004490,0
2020-07-22,80.000000,80.890000,79.820000,79.820000,202110,0.002255,1
2020-07-23,80.000000,80.270000,79.560000,80.000000,181680,-0.022250,0
2020-07-24,79.910000,80.000000,74.670000,78.220000,674430,-0.034007,0
2020-07-27,74.580000,76.440000,73.690000,75.560000,825080,0.002250,1
2020-07-28,75.560000,77.330000,71.020000,75.730000,534300,-0.019939,0
2020-07-29,74.670000,75.560000,73.780000,74.220000,379370,0.019132,1
2020-07-30,74.220000,76.000000,74.220000,75.640000,242030,0.028292,1
2020-07-31,74.670000,80.000000,74.490000,77.780000,939040,0.001157,1
2020-08-03,75.560000,78.310000,75.560000,77.870000,164310,0.004495,1
2020-08-04,78.840000,78.840000,77.690000,78.220000,229230,-0.011378,0
2020-08-05,78.220000,78.670000,75.380000,77.330000,434490,0.005819,1
2020-08-06,78.220000,78.400000,77.420000,77.780000,332340,0.000000,0
2020-08-07,77.870000,78.400000,77.600000,77.780000,182500,0.007971,1
2020-08-10,78.220000,79.910000,77.690000,78.400000,542550,-0.007908,0
2020-08-11,79.290000,79.290000,77.780000,77.780000,215330,-0.001157,0
2020-08-12,77.780000,78.670000,77.690000,77.690000,302330,0.006822,1
2020-08-13,78.670000,79.110000,77.780000,78.220000,458680,-0.006776,0
2020-08-14,78.220000,79.110000,77.690000,77.690000,654070,0.003475,1
2020-08-17,77.960000,78.670000,77.160000,77.960000,376200,-0.013725,0
2020-08-18,77.600000,77.960000,76.620000,76.890000,772670,0.000000,0
2020-08-19,76.890000,77.870000,76.890000,76.890000,347140,0.040447,1
2020-08-31,80.000000,81.330000,80.000000,80.000000,276580,0.030000,1
2020-09-01,80.180000,83.560000,79.910000,82.400000,675310,0.019417,1
2020-09-03,83.110000,84.980000,82.400000,84.000000,1037080,-0.005238,0
2020-09-04,84.000000,84.890000,82.930000,83.560000,825960,-0.026687,0
2020-09-07,83.560000,84.710000,81.330000,81.330000,465400,-0.010943,0
2020-09-08,81.420000,82.220000,80.440000,80.440000,622290,0.000000,0
2020-09-09,80.360000,82.130000,79.470000,80.440000,865880,0.000000,0
2020-09-10,80.890000,82.220000,80.440000,80.440000,421160,0.006713,1
2020-09-11,80.000000,82.040000,79.910000,80.980000,411350,0.021981,1
2020-09-14,81.160000,83.200000,81.070000,82.760000,608930,0.020300,1
2020-09-15,82.840000,84.440000,82.840000,84.440000,983560,0.005329,1
2020-09-16,84.360000,84.890000,82.760000,84.890000,544300,-0.015667,0
2020-09-17,82.760000,84.890000,82.670000,83.560000,833870,0.000000,0
2020-09-18,84.440000,84.800000,83.110000,83.560000,1089310,0.021182,1
2020-09-21,83.560000,85.330000,83.560000,85.330000,571860,-0.014532,0
2020-09-22,85.330000,85.510000,84.090000,84.090000,505230,-0.001070,0
2020-09-23,84.440000,85.070000,84.000000,84.000000,111830,-0.015833,0
2020-09-24,83.380000,84.890000,82.670000,82.670000,388940,-0.002177,0
2020-09-25,84.000000,84.270000,82.490000,82.490000,412210,0.000000,0
2020-09-28,82.670000,83.730000,82.490000,82.490000,202840,-0.014062,0
2020-09-29,83.560000,83.560000,81.330000,81.330000,394490,0.000000,0
2020-09-30,81.330000,83.020000,81.330000,81.330000,417360,0.010943,1
2020-10-01,81.690000,83.020000,81.690000,82.220000,212510,0.016298,1
2020-10-02,82.220000,83.560000,81.780000,83.560000,400770,-0.007539,0
2020-10-05,83.560000,83.560000,81.780000,82.930000,90450,-0.016038,0
2020-10-06,82.930000,82.930000,81.600000,81.600000,521190,0.007598,1
2020-10-07,81.330000,83.110000,80.890000,82.220000,381520,-0.002189,0
2020-10-08,81.780000,82.580000,81.330000,82.040000,216990,0.014139,1
2020-10-09,82.040000,83.290000,82.040000,83.200000,309580,0.003245,1
2020-10-12,83.200000,83.560000,82.220000,83.470000,326290,0.002037,1
2020-10-13,83.470000,83.640000,83.020000,83.640000,271990,0.009565,1
2020-10-14,83.640000,84.440000,83.560000,84.440000,389260,0.026409,1
2020-10-15,84.530000,86.670000,80.890000,86.670000,1358580,0.001038,1
2020-10-16,87.200000,87.200000,86.130000,86.760000,596590,0.000922,1
2020-10-19,86.930000,87.020000,86.580000,86.840000,370590,0.001036,1
2020-10-20,86.580000,87.020000,85.160000,86.930000,511250,-0.005062,0
2020-10-21,86.930000,87.020000,85.960000,86.490000,172010,0.028789,1
2020-10-22,86.220000,88.980000,86.040000,88.980000,621610,0.038885,1
2020-10-23,89.070000,93.240000,88.890000,92.440000,1761080,0.010601,1
2020-10-26,96.890000,97.330000,93.240000,93.420000,974720,0.005780,1
2020-10-27,95.110000,95.200000,92.440000,93.960000,804020,-0.052043,0
2020-10-28,93.960000,95.110000,87.820000,89.070000,1184890,0.004940,1
2020-10-29,89.070000,91.560000,88.890000,89.510000,1327780,0.048710,1
2020-11-10,94.670000,95.290000,93.870000,93.870000,781980,0.001811,1
2020-11-11,93.870000,94.220000,91.560000,94.040000,1032780,0.009464,1
2020-11-12,94.040000,94.930000,93.330000,94.930000,682660,0.005688,1
2020-11-13,94.930000,96.000000,94.310000,95.470000,535350,-0.050278,0
2020-11-16,95.470000,96.440000,88.890000,90.670000,1781800,0.039153,1
2020-11-17,91.560000,94.220000,90.840000,94.220000,862320,-0.010401,0
2020-11-18,94.220000,94.220000,91.560000,93.240000,751270,-0.008580,0
2020-11-19,93.160000,93.160000,91.560000,92.440000,1192700,-0.001839,0
2020-11-20,92.890000,92.890000,91.910000,92.270000,533840,0.000000,0
2020-11-23,92.440000,93.420000,91.640000,92.270000,735650,0.001842,1
2020-11-24,92.360000,93.330000,91.640000,92.440000,812220,0.015469,1
2020-11-25,93.870000,94.400000,92.530000,93.870000,1222490,0.004687,1
2020-11-26,93.330000,94.400000,92.890000,94.310000,545450,-0.008483,0
2020-11-27,94.220000,94.310000,93.160000,93.510000,720830,-0.012298,0
2020-11-30,93.510000,93.780000,92.270000,92.360000,1596840,0.010502,1
2020-12-01,93.330000,93.330000,91.380000,93.330000,953230,0.009536,1
2020-12-09,93.330000,94.220000,92.800000,94.220000,789790,-0.010401,0
2020-12-10,94.220000,95.110000,93.240000,93.240000,979550,0.018125,1
2020-12-11,93.240000,94.930000,93.240000,94.930000,569360,0.019699,1
2020-12-14,94.840000,96.800000,93.780000,96.800000,1122380,-0.017459,0
2020-12-15,96.800000,96.800000,94.840000,95.110000,1205700,0.000000,0
2020-12-16,94.930000,95.200000,94.130000,95.110000,756200,-0.021449,0
2020-12-17,95.110000,95.110000,92.980000,93.070000,1352580,0.000000,0
2020-12-18,93.070000,94.310000,92.890000,93.070000,1350780,0.016224,1
2020-12-21,93.780000,94.580000,93.240000,94.580000,587100,-0.006555,0
2020-12-22,94.220000,95.560000,93.600000,93.960000,518320,0.000000,0
2020-12-23,93.960000,95.110000,93.690000,93.960000,701430,0.000000,0
2020-12-24,95.110000,95.110000,92.440000,93.960000,831440,0.001809,1
2020-12-25,93.960000,94.580000,93.330000,94.130000,370300,0.000000,0
2020-12-28,94.130000,94.760000,93.690000,94.130000,711710,0.005737,1
2020-12-29,94.310000,94.760000,94.040000,94.670000,612360,0.018697,1
2020-12-30,96.440000,97.420000,94.840000,96.440000,1528950,-0.002696,0
2020-12-31,96.440000,97.160000,93.780000,96.180000,656040,-0.001871,0
2021-01-04,96.440000,96.890000,94.670000,96.000000,991100,0.015729,1
2021-01-05,95.290000,97.690000,95.290000,97.510000,1192200,0.004615,1
2021-01-06,97.780000,98.220000,96.800000,97.960000,1283000,-0.000919,0
2021-01-07,98.130000,98.670000,96.890000,97.870000,862300,0.015429,1
2021-01-08,97.870000,100.180000,97.870000,99.380000,1348700,0.017911,1
2021-01-11,100.270000,101.870000,100.270000,101.160000,1536700,0.005239,1
2021-01-12,103.110000,103.110000,101.070000,101.690000,981100,-0.028813,0
2021-01-13,101.690000,101.870000,98.760000,98.760000,1237900,-0.006379,0
2021-01-14,99.110000,99.820000,97.780000,98.130000,1439100,0.007235,1
2021-01-15,99.020000,99.730000,97.600000,98.840000,1238000,-0.008094,0
2021-01-18,99.560000,99.640000,97.870000,98.040000,826900,-0.068849,0
2021-01-19,98.040000,98.040000,91.200000,91.290000,1367600,0.005806,1
2021-01-20,91.560000,93.330000,91.110000,91.820000,1875500,0.017425,1
2021-01-21,93.420000,93.510000,91.560000,93.420000,1564600,-0.000963,0
2021-01-22,93.420000,94.670000,93.330000,93.330000,1094200,-0.001821,0
2021-01-25,93.330000,94.040000,92.530000,93.160000,827300,-0.031559,0
2021-01-26,93.160000,93.330000,88.530000,90.220000,1028600,-0.014742,0
2021-01-27,90.220000,91.560000,88.440000,88.890000,1488900,-0.069974,0
2021-01-28,83.820000,85.330000,82.670000,82.670000,1742900,0.068828,1
2021-01-29,82.220000,88.440000,82.220000,88.360000,1692900,-0.004074,0
2021-02-01,88.000000,91.560000,87.820000,88.000000,1340000,0.069659,1
2021-02-02,88.000000,94.130000,88.000000,94.130000,1771200,0.015192,1
2021-02-03,93.330000,96.000000,93.330000,95.560000,1698900,-0.023336,0
2021-02-04,95.470000,95.560000,90.670000,93.330000,1022400,0.023894,1
2021-02-05,93.330000,95.560000,93.330000,95.560000,922900,-0.060486,0
2021-02-08,89.780000,95.820000,89.780000,89.780000,3422500,0.051459,1
2021-02-09,94.400000,94.670000,90.220000,94.400000,1758000,0.016949,1
2021-02-17,96.000000,96.000000,94.400000,96.000000,1253600,0.018542,1
2021-02-18,97.780000,97.780000,94.310000,97.780000,1434400,-0.009102,0
2021-02-19,96.890000,97.330000,95.110000,96.890000,1433200,0.006399,1
2021-02-22,97.070000,98.400000,94.220000,97.510000,1481000,0.002769,1
2021-02-23,96.180000,99.290000,95.560000,97.780000,1393900,-0.016363,0
2021-02-24,99.020000,99.020000,94.220000,96.180000,950100,0.006446,1
2021-02-25,97.330000,97.690000,94.310000,96.800000,1013500,0.000930,1
2021-02-26,94.400000,97.690000,94.400000,96.890000,926800,-0.004644,0
2021-03-01,97.690000,97.690000,95.730000,96.440000,777700,-0.002696,0
2021-03-02,96.440000,96.980000,94.400000,96.180000,926300,-0.012061,0
2021-03-03,94.760000,96.180000,94.670000,95.020000,1075300,0.000000,0
2021-03-04,95.640000,95.910000,94.760000,95.020000,1671400,-0.005578,0
2021-03-05,95.020000,95.560000,94.040000,94.490000,1294800,-0.002857,0
2021-03-08,94.670000,95.110000,93.330000,94.220000,1390100,-0.016026,0
2021-03-09,93.330000,94.490000,88.890000,92.710000,1587600,0.016287,1
2021-03-10,92.890000,94.220000,90.760000,94.220000,576300,-0.000955,0
2021-03-11,94.220000,96.000000,93.870000,94.130000,1108700,0.000000,0
2021-03-12,94.130000,94.670000,93.330000,94.130000,1122300,0.000956,1
2021-03-15,94.130000,94.400000,93.690000,94.220000,2632400,-0.005625,0
2021-03-16,94.220000,94.220000,93.240000,93.690000,1360600,-0.006618,0
2021-03-17,92.620000,93.600000,92.440000,93.070000,1260400,0.018158,1
2021-03-18,93.780000,94.760000,93.510000,94.760000,1473900,0.016885,1
2021-03-19,93.870000,96.360000,93.870000,96.360000,1625700,-0.010170,0
2021-03-22,95.380000,96.360000,92.890000,95.380000,973900,-0.007444,0
2021-03-23,94.220000,95.110000,93.420000,94.670000,1034700,0.013098,1
2021-03-24,93.780000,96.000000,92.270000,95.910000,1104100,0.023147,1
2021-03-25,95.380000,99.910000,95.200000,98.130000,4322000,0.018139,1
2021-03-26,97.780000,100.890000,97.780000,99.910000,2927800,0.003603,1
2021-03-29,100.000000,100.890000,99.820000,100.270000,3140900,0.037200,1
2021-03-30,100.270000,105.420000,99.560000,104.000000,5179600,0.007692,1
2021-03-31,104.440000,106.220000,104.000000,104.800000,2823600,0.043225,1
2021-04-01,105.330000,110.580000,104.000000,109.330000,2230900,0.000000,0
2021-04-02,110.130000,110.130000,108.000000,109.330000,2255500,0.010610,1
2021-04-05,112.000000,112.180000,109.510000,110.490000,2249000,0.021721,1
2021-04-06,110.490000,115.110000,110.220000,112.890000,1979400,0.005492,1
2021-04-07,112.890000,113.780000,111.730000,113.510000,1698500,-0.017972,0
2021-04-08,114.130000,114.130000,110.220000,111.470000,1509200,-0.004037,0
2021-04-09,110.930000,111.470000,109.420000,111.020000,1755500,0.056837,1
2021-04-12,111.020000,118.040000,109.690000,117.330000,3481900,0.065968,1
2021-04-13,123.560000,125.510000,120.890000,125.070000,5053200,-0.005037,0
2021-04-14,124.440000,126.040000,122.760000,124.440000,4102600,0.006429,1
2021-04-15,124.360000,128.890000,124.360000,125.240000,3419000,0.014931,1
2021-04-16,125.240000,128.090000,124.440000,127.110000,2988000,0.007002,1
2021-04-19,126.310000,128.180000,125.420000,128.000000,2820300,-0.006250,0
2021-04-20,128.000000,129.690000,127.110000,127.200000,3108200,-0.030031,0
2021-04-22,126.220000,127.020000,122.220000,123.380000,3319500,-0.003647,0
2021-04-23,123.380000,124.000000,118.220000,122.930000,4410000,-0.049134,0
2021-04-26,123.560000,124.000000,116.440000,116.890000,2434500,0.004534,1
2021-04-27,116.890000,118.220000,116.890000,117.420000,1631700,-0.004514,0
2021-04-28,117.420000,118.400000,115.380000,116.890000,1613300,-0.003850,0
2021-04-29,116.890000,118.220000,116.180000,116.440000,2181100,0.019924,1
2021-05-04,116.090000,119.910000,112.800000,118.760000,1732600,0.000674,1
2021-05-05,118.760000,120.710000,118.760000,118.840000,1268600,-0.008920,0
2021-05-06,118.840000,119.110000,116.440000,117.780000,1064200,-0.003821,0
2021-05-07,117.330000,117.330000,114.220000,117.330000,1769100,0.003835,1
2021-05-10,117.330000,117.780000,114.760000,117.780000,1099300,-0.011377,0
2021-05-11,117.780000,118.580000,116.000000,116.440000,1164200,-0.009103,0
2021-05-12,115.560000,117.330000,113.780000,115.380000,1390400,-0.025481,0
2021-05-13,113.780000,115.560000,112.440000,112.440000,1723500,-0.009427,0
2021-05-14,112.440000,112.890000,109.510000,111.380000,2609800,-0.010415,0
2021-05-17,112.000000,115.560000,110.220000,110.220000,2417900,-0.024134,0
2021-05-18,110.220000,112.000000,107.560000,107.560000,2452700,-0.007438,0
2021-05-19,106.670000,107.560000,104.980000,106.760000,2178400,0.023230,1
2021-05-20,106.760000,109.510000,106.670000,109.240000,2084900,-0.003204,0
2021-05-21,109.330000,109.330000,107.110000,108.890000,1622400,-0.003306,0
2021-05-24,108.890000,109.870000,107.560000,108.530000,1985800,0.001659,1
2021-05-25,108.800000,108.800000,107.730000,108.710000,1514900,-0.004875,0
2021-05-26,108.440000,108.620000,107.110000,108.180000,1677500,-0.011555,0
2021-05-27,107.470000,107.560000,105.780000,106.930000,2081300,-0.004115,0
2021-05-28,106.760000,109.330000,105.780000,106.490000,1847400,-0.019251,0
2021-05-31,106.490000,106.670000,103.110000,104.440000,1846800,0.021352,1
2021-06-01,103.290000,107.560000,103.110000,106.670000,2155400,-0.020906,0
2021-06-02,106.840000,108.360000,104.000000,104.440000,3130600,0.008522,1
2021-06-03,104.890000,105.600000,104.000000,105.330000,2488900,0.021172,1
2021-06-04,105.330000,107.560000,105.330000,107.560000,3689200,0.016456,1
2021-06-07,109.160000,112.440000,108.440000,109.330000,3681800,-0.025976,0
2021-06-08,111.020000,111.730000,105.780000,106.490000,2699600,-0.008358,0
2021-06-09,106.670000,107.560000,104.000000,105.600000,1813300,-0.019318,0
2021-06-10,105.330000,105.960000,103.560000,103.560000,2929000,0.012843,1
2021-06-11,104.000000,104.890000,103.380000,104.890000,1729000,0.016970,1
2021-06-14,105.070000,107.110000,104.980000,106.670000,1933100,0.014156,1
2021-06-15,106.670000,108.440000,106.220000,108.180000,1348000,-0.021353,0
2021-06-16,108.180000,108.180000,105.780000,105.870000,1180600,-0.017663,0
2021-06-17,104.890000,105.690000,104.000000,104.000000,2848500,0.003462,1
2021-06-18,104.890000,105.160000,104.000000,104.360000,1788400,0.000000,0
2021-06-21,104.360000,105.690000,104.270000,104.360000,1497200,0.000767,1
2021-06-22,104.890000,105.510000,104.090000,104.440000,2161600,-0.005075,0
2021-06-23,104.890000,104.980000,103.560000,103.910000,1281200,0.005101,1
2021-06-24,104.800000,105.070000,103.820000,104.440000,1374300,0.000000,0
2021-06-25,104.180000,104.890000,103.730000,104.440000,1763300,-0.006798,0
2021-06-28,104.440000,104.530000,103.730000,103.730000,1711000,0.011183,1
2021-06-29,103.910000,106.040000,103.910000,104.890000,2339900,0.008485,1
2021-06-30,104.890000,108.000000,104.890000,105.780000,2685900,-0.003403,0
2021-07-01,106.400000,106.580000,105.330000,105.420000,2194700,-0.009296,0
2021-07-02,104.980000,105.690000,104.440000,104.440000,1789100,-0.021256,0
2021-07-05,104.440000,104.440000,102.130000,102.220000,2765200,-0.026022,0
2021-07-06,102.220000,103.110000,99.560000,99.560000,3006500,0.017778,1
2021-07-07,99.560000,101.330000,97.780000,101.330000,2507000,-0.026251,0
2021-07-08,100.440000,100.440000,98.220000,98.670000,1480900,-0.021688,0
2021-07-09,98.490000,98.670000,95.560000,96.530000,1787900,-0.042370,0
2021-07-12,96.440000,97.780000,90.400000,92.440000,2863900,-0.009520,0
2021-07-13,92.530000,93.420000,88.000000,91.560000,2355200,0.000000,0
2021-07-14,91.560000,94.580000,90.670000,91.560000,2585100,-0.009720,0
2021-07-15,91.560000,92.180000,89.960000,90.670000,2584200,0.037168,1
2021-07-16,90.760000,94.310000,90.760000,94.040000,2158200,-0.027329,0
2021-07-19,91.640000,93.330000,89.330000,91.470000,1851300,0.000984,1
2021-07-20,91.200000,91.820000,88.890000,91.560000,2130300,0.009611,1
2021-07-21,91.640000,94.670000,90.670000,92.440000,2765100,0.021203,1
2021-07-22,92.440000,94.930000,92.180000,94.400000,2242200,-0.020763,0
2021-07-23,94.400000,96.710000,92.440000,92.440000,3088800,0.001947,1
2021-07-26,93.160000,93.690000,91.640000,92.620000,1940200,0.000972,1
2021-07-27,93.330000,94.040000,92.710000,92.710000,1442800,0.008629,1
2021-07-28,92.710000,93.780000,92.440000,93.510000,1192400,-0.000962,0
2021-07-29,93.780000,93.870000,92.890000,93.420000,1076500,0.020017,1
2021-07-30,95.110000,95.380000,94.220000,95.290000,2339200,0.002833,1
2021-08-02,95.560000,97.420000,95.020000,95.560000,1682400,0.065090,1
2021-08-03,97.240000,102.220000,96.890000,101.780000,7293100,-0.004421,0
2021-08-04,102.670000,103.470000,101.330000,101.330000,2882400,0.000000,0
2021-08-05,101.070000,102.220000,100.360000,101.330000,2049200,-0.006119,0
2021-08-06,102.220000,103.020000,100.710000,100.710000,3021900,-0.001787,0
2021-08-09,100.620000,101.070000,99.200000,100.530000,3219800,-0.000895,0
2021-08-10,102.220000,102.220000,100.440000,100.440000,2830600,-0.017622,0
2021-08-11,100.440000,101.330000,98.670000,98.670000,2382000,0.000912,1
2021-08-12,98.670000,100.360000,98.220000,98.760000,1833400,-0.001823,0
2021-08-13,99.110000,99.730000,98.220000,98.580000,2119300,-0.002739,0
2021-08-16,99.560000,100.180000,98.310000,98.310000,3085800,0.006001,1
2021-08-17,100.000000,103.400000,98.900000,98.900000,4887500,-0.010111,0
2021-08-18,99.000000,100.200000,97.900000,97.900000,2297700,0.062308,1
2021-08-19,97.900000,104.000000,96.700000,104.000000,3521100,-0.060577,0
2021-08-20,100.000000,102.000000,97.200000,97.700000,4953900,-0.015353,0
2021-08-23,97.500000,97.700000,95.800000,96.200000,2161000,-0.008316,0
2021-08-24,96.400000,97.000000,95.100000,95.400000,1417400,-0.008386,0
2021-08-25,95.400000,95.400000,93.000000,94.600000,2057000,-0.015856,0
2021-08-26,94.600000,94.600000,93.000000,93.100000,1766200,0.018260,1
2021-08-27,93.000000,95.000000,91.500000,94.800000,2485900,-0.007384,0
2021-08-30,95.000000,95.300000,94.100000,94.100000,1414900,0.000000,0
2021-08-31,94.100000,95.100000,93.800000,94.100000,1529600,0.000000,0
2021-09-01,94.100000,95.000000,94.100000,94.100000,1303100,0.009564,1
2021-09-06,94.400000,95.800000,94.200000,95.000000,1928800,-0.011579,0
2021-09-07,95.500000,95.500000,93.900000,93.900000,2280200,-0.020234,0
2021-09-08,94.000000,94.300000,92.000000,92.000000,2505700,-0.007609,0
2021-09-09,92.200000,92.400000,91.300000,91.300000,2696600,0.000000,0
2021-09-10,91.800000,92.000000,91.300000,91.300000,1614600,0.007667,1
2021-09-13,91.800000,93.400000,91.600000,92.000000,1828100,0.000000,0
2021-09-14,92.300000,92.900000,91.900000,92.000000,1419300,-0.006522,0
2021-09-15,92.000000,92.400000,91.300000,91.400000,1037000,-0.039387,0
2021-09-16,91.400000,91.400000,87.800000,87.800000,15130200,-0.011390,0
2021-09-17,88.000000,89.200000,86.800000,86.800000,5567900,-0.001152,0
2021-09-20,87.000000,88.900000,86.000000,86.700000,4014800,-0.012687,0
2021-09-21,85.500000,86.400000,85.000000,85.600000,4524800,0.005841,1
2021-09-22,85.600000,86.900000,85.400000,86.100000,2845500,0.011614,1
2021-09-23,86.500000,87.400000,86.400000,87.100000,2664100,-0.001148,0
2021-09-24,87.100000,87.500000,86.300000,87.000000,3207900,-0.010345,0
2021-09-27,87.000000,87.500000,83.200000,86.100000,3000800,0.004646,1
2021-09-28,85.300000,87.000000,85.200000,86.500000,2387300,0.002312,1
2021-09-29,86.700000,86.900000,86.000000,86.700000,1911200,0.014994,1
2021-09-30,86.500000,89.400000,86.500000,88.000000,3404700,-0.003409,0
2021-10-01,88.000000,88.400000,87.200000,87.700000,1734200,0.001140,1
2021-10-04,87.600000,88.000000,87.100000,87.800000,1565200,0.009112,1
2021-10-05,87.800000,88.800000,87.100000,88.600000,2370600,0.000000,0
2021-10-06,88.800000,89.000000,88.100000,88.600000,1736800,0.002257,1
2021-10-07,88.300000,89.500000,88.300000,88.800000,2290900,0.005631,1
2021-10-08,89.000000,89.500000,88.800000,89.300000,1298500,0.029115,1
2021-10-11,89.400000,92.000000,89.400000,91.900000,2694300,0.010881,1
2021-10-12,92.000000,93.000000,92.000000,92.900000,2438700,0.002153,1
2021-10-13,93.000000,93.800000,92.800000,93.100000,2581200,-0.006445,0
2021-10-14,93.200000,93.200000,91.500000,92.500000,2677900,0.001081,1
2021-10-15,92.500000,93.000000,92.000000,92.600000,1553700,0.000000,0
2021-10-18,92.300000,92.900000,91.100000,92.600000,2039400,-0.002160,0
2021-10-19,92.600000,92.700000,91.500000,92.400000,1686700,-0.001082,0
2021-10-20,92.300000,92.500000,89.900000,92.300000,3128600,-0.014085,0
2021-10-21,91.700000,92.600000,91.000000,91.000000,2847400,0.008791,1
2021-10-22,91.000000,91.800000,90.800000,91.800000,1428000,0.003268,1
2021-10-25,91.900000,92.500000,91.200000,92.100000,1341200,0.001086,1
2021-10-26,91.800000,92.200000,90.900000,92.200000,1335900,0.030369,1
2021-10-27,92.000000,95.000000,91.600000,95.000000,3908900,0.000000,0
2021-10-28,95.000000,95.400000,93.600000,95.000000,2086100,0.008421,1
2021-10-29,94.200000,96.500000,94.200000,95.800000,2268000,0.000000,0
2021-11-01,95.800000,96.000000,94.900000,95.800000,2226600,0.000000,0
2021-11-02,95.700000,96.000000,94.900000,95.800000,1647800,-0.005219,0
2021-11-03,95.800000,95.800000,93.900000,95.300000,3568200,-0.003148,0
2021-11-04,95.200000,95.500000,94.000000,95.000000,1879100,0.000000,0
2021-11-05,94.500000,95.000000,94.000000,95.000000,1786600,-0.001053,0
2021-11-08,95.000000,95.500000,94.500000,94.900000,1792000,0.000000,0
2021-11-09,95.400000,95.400000,93.200000,94.900000,2373800,0.000000,0
2021-11-10,95.100000,95.200000,93.600000,94.900000,1680500,-0.001054,0
2021-11-11,94.900000,95.000000,93.900000,94.800000,2186600,-0.003165,0
2021-11-12,94.800000,94.800000,93.900000,94.500000,1133100,0.005291,1
2021-11-15,94.500000,95.100000,94.000000,95.000000,1922400,-0.002105,0
2021-11-16,95.000000,95.100000,93.900000,94.800000,1643900,0.015823,1
2021-11-17,94.700000,97.000000,94.200000,96.300000,2815800,-0.018692,0
2021-11-18,97.000000,98.500000,94.500000,94.500000,3871100,0.003175,1
2021-11-19,94.600000,96.000000,94.000000,94.800000,2032500,0.000000,0
2021-11-22,94.500000,95.000000,93.000000,94.800000,2152100,0.000000,0
2021-11-23,94.000000,95.000000,93.500000,94.800000,1382700,-0.007384,0
2021-11-24,94.800000,95.200000,93.500000,94.100000,2045100,-0.001063,0
2021-11-25,94.800000,94.800000,93.800000,94.000000,1401800,0.047872,1
2021-11-26,95.900000,100.000000,95.200000,98.500000,8681700,0.069036,1
2021-11-29,99.000000,105.300000,98.500000,105.300000,8742300,-0.002849,0
2021-11-30,105.500000,106.900000,103.500000,105.000000,4674300,0.009524,1
2021-12-01,105.000000,107.300000,104.000000,106.000000,4082000,0.011321,1
2021-12-02,106.000000,108.500000,105.100000,107.200000,4428600,-0.015858,0
2021-12-03,109.100000,109.600000,105.500000,105.500000,5152400,0.000948,1
2021-12-06,107.900000,109.000000,103.600000,105.600000,5825100,0.010417,1
2021-12-07,107.400000,107.500000,105.600000,106.700000,3026300,-0.007498,0
2021-12-08,106.500000,107.000000,103.500000,105.900000,3539500,0.010387,1
2021-12-09,105.000000,107.500000,104.000000,107.000000,3173400,-0.036449,0
2021-12-10,107.000000,107.200000,103.100000,103.100000,3080600,0.000970,1
2021-12-13,102.700000,104.500000,101.000000,103.200000,4076200,-0.006783,0
2021-12-14,103.000000,103.100000,101.600000,102.500000,2629100,-0.024390,0
2021-12-15,102.700000,102.700000,99.900000,100.000000,2897300,0.000000,0
2021-12-16,100.000000,101.500000,98.300000,100.000000,3095200,0.020000,1
2021-12-17,100.000000,102.700000,98.800000,102.000000,6655000,-0.029412,0
2021-12-20,102.000000,102.000000,99.000000,99.000000,1372800,-0.009091,0
2021-12-21,99.000000,100.800000,98.100000,98.100000,1467300,0.015291,1
2021-12-22,98.200000,100.100000,98.200000,99.600000,2410600,-0.036145,0
2021-12-23,99.600000,100.000000,96.000000,96.000000,2771100,0.005208,1
2021-12-24,96.500000,96.900000,95.100000,96.500000,1415500,0.025907,1
2021-12-27,97.000000,99.000000,96.500000,99.000000,1907500,-0.006061,0
2021-12-28,99.100000,99.300000,96.500000,98.400000,1737300,-0.029472,0
2021-12-29,98.000000,98.000000,95.200000,95.500000,2291900,-0.005236,0
2021-12-30,95.800000,96.400000,95.000000,95.000000,1662400,0.001053,1
2021-12-31,95.200000,96.300000,94.200000,95.100000,1267000,0.062040,1
2022-01-04,96.000000,101.500000,95.700000,101.000000,3071100,-0.009901,0
2022-01-05,100.800000,102.200000,99.500000,100.000000,3396500,0.045000,1
2022-01-06,101.000000,106.400000,100.500000,104.500000,5061400,-0.022010,0
2022-01-07,106.400000,106.400000,102.200000,102.200000,3108800,0.000978,1
2022-01-10,102.500000,105.500000,102.200000,102.300000,2908500,-0.012708,0
2022-01-11,102.000000,102.000000,99.800000,101.000000,2240600,-0.001980,0
2022-01-12,101.500000,101.500000,98.000000,100.800000,2338500,-0.019841,0
2022-01-13,101.000000,101.000000,98.500000,98.800000,1955700,0.001012,1
2022-01-14,98.200000,99.600000,98.200000,98.900000,1017400,0.000000,0
2022-01-17,99.000000,99.200000,97.100000,98.900000,1152000,-0.030334,0
2022-01-18,97.000000,97.000000,94.100000,95.900000,2032000,-0.001043,0
2022-01-19,95.000000,95.900000,93.500000,95.800000,2479700,-0.008351,0
2022-01-20,94.600000,96.300000,94.600000,95.000000,1689300,0.005263,1
2022-01-21,95.900000,96.000000,93.300000,95.500000,3192800,-0.005236,0
2022-01-24,94.900000,96.000000,92.500000,95.000000,3935300,0.010526,1
2022-01-25,95.000000,97.700000,93.400000,96.000000,3198400,0.004167,1
2022-01-26,96.500000,96.500000,94.500000,96.400000,1932000,0.001037,1
2022-01-27,96.500000,96.500000,94.200000,96.500000,2559000,0.005181,1
2022-01-28,95.100000,97.000000,94.500000,97.000000,2999600,-0.059794,0
2022-02-07,96.400000,97.500000,91.200000,91.200000,7413400,-0.042763,0
2022-02-08,91.300000,92.300000,86.700000,87.300000,8010800,-0.018328,0
2022-02-09,87.600000,88.700000,84.900000,85.700000,8812500,-0.019837,0
2022-02-10,85.700000,86.000000,81.700000,84.000000,11088500,-0.027381,0
2022-02-11,83.000000,83.600000,81.500000,81.700000,7846400,0.001224,1
2022-02-14,81.700000,84.000000,80.700000,81.800000,4973500,0.023227,1
2022-02-15,82.000000,83.800000,81.800000,83.700000,3001500,-0.009558,0
2022-02-16,83.900000,83.900000,82.700000,82.900000,1986000,0.002413,1
2022-02-17,82.800000,83.500000,82.000000,83.100000,2865600,-0.010830,0
2022-02-18,82.500000,82.800000,82.000000,82.200000,2914400,0.017032,1
2022-02-21,82.100000,83.800000,82.000000,83.600000,2513700,-0.019139,0
2022-02-22,83.000000,83.300000,81.800000,82.000000,2975200,0.006098,1
2022-02-23,82.100000,82.500000,82.000000,82.500000,1439000,-0.029091,0
2022-02-24,82.300000,82.400000,79.300000,80.100000,6367500,-0.012484,0
2022-02-25,80.900000,80.900000,79.100000,79.100000,3385500,-0.026549,0
2022-02-28,79.500000,79.500000,77.000000,77.000000,4678600,0.028571,1
2022-03-01,77.100000,79.900000,77.000000,79.200000,3467600,-0.003788,0
2022-03-02,79.200000,79.200000,77.200000,78.900000,2401000,0.001267,1
2022-03-03,78.900000,80.400000,78.300000,79.000000,2610400,0.000000,0
2022-03-04,79.000000,79.300000,77.800000,79.000000,3817400,-0.006329,0
2022-03-07,78.400000,79.000000,77.300000,78.500000,2442600,-0.007643,0
2022-03-08,78.000000,78.900000,77.100000,77.900000,4290200,0.001284,1
2022-03-09,78.100000,78.700000,77.300000,78.000000,3049900,0.014103,1
2022-03-10,78.500000,80.600000,78.000000,79.100000,4366600,-0.001264,0
2022-03-11,78.800000,79.000000,77.800000,79.000000,2222400,-0.008861,0
2022-03-14,78.800000,78.800000,77.400000,78.300000,2622700,0.000000,0
2022-03-15,78.000000,78.600000,77.000000,78.300000,2733900,-0.002554,0
2022-03-16,78.300000,78.400000,77.200000,78.100000,2950000,0.003841,1
2022-03-17,78.300000,78.500000,77.300000,78.400000,2565900,0.005102,1
2022-03-18,78.300000,79.500000,77.400000,78.800000,5520700,0.027919,1
2022-03-21,78.800000,81.000000,78.300000,81.000000,3705300,0.014815,1
2022-03-22,81.000000,82.400000,81.000000,82.200000,3631800,-0.009732,0
2022-03-23,82.100000,82.400000,81.400000,81.400000,1529200,-0.004914,0
2022-03-24,81.400000,81.400000,80.400000,81.000000,1995200,0.000000,0
2022-03-25,80.600000,81.000000,79.700000,81.000000,2193500,-0.006173,0
2022-03-28,79.900000,81.200000,79.700000,80.500000,2339900,0.003727,1
2022-03-29,80.000000,81.800000,79.800000,80.800000,2798300,0.003713,1
2022-03-30,82.500000,82.700000,80.400000,81.100000,3088400,0.001233,1
2022-03-31,81.100000,82.300000,81.000000,81.200000,1372000,0.011084,1
2022-04-01,81.400000,82.500000,80.900000,82.100000,2609900,0.007308,1
2022-04-04,82.500000,82.800000,81.500000,82.700000,2730500,-0.004837,0
2022-04-05,82.500000,83.100000,81.700000,82.300000,3591100,-0.021871,0
2022-04-06,80.500000,82.300000,79.500000,80.500000,5679100,-0.012422,0
2022-04-07,80.200000,80.300000,77.600000,79.500000,3704800,0.027673,1
2022-04-08,80.000000,82.400000,80.000000,81.700000,5192000,-0.004896,0
2022-04-12,81.400000,81.400000,80.300000,81.300000,2356500,0.011070,1
2022-04-13,81.000000,82.300000,80.700000,82.200000,3146300,-0.006083,0
2022-04-14,81.600000,82.200000,81.100000,81.700000,1763700,-0.012240,0
2022-04-15,81.500000,81.800000,80.600000,80.700000,1678400,-0.014870,0
2022-04-18,80.000000,80.100000,78.100000,79.500000,2984700,-0.008805,0
2022-04-19,78.600000,79.800000,77.800000,78.800000,1816000,0.006345,1
2022-04-20,78.000000,79.800000,78.000000,79.300000,1713900,-0.022699,0
2022-04-21,79.000000,79.500000,77.500000,77.500000,2684300,0.002581,1
2022-04-22,77.700000,79.000000,77.600000,77.700000,1867300,-0.019305,0
2022-04-25,77.800000,79.200000,72.700000,76.200000,2738000,0.023622,1
2022-04-26,73.500000,78.500000,73.500000,78.000000,3661700,0.000000,0
2022-04-27,77.500000,78.000000,75.000000,78.000000,2793500,-0.001282,0
2022-04-28,78.000000,78.200000,76.300000,77.900000,1386100,0.026958,1
2022-04-29,77.500000,80.000000,76.600000,80.000000,2148700,-0.003750,0
2022-05-04,79.600000,80.000000,77.700000,79.700000,1436000,0.003764,1
2022-05-05,79.600000,80.000000,78.500000,80.000000,1858600,-0.002500,0
2022-05-06,78.500000,80.000000,78.000000,79.800000,1690000,-0.008772,0
2022-05-09,78.700000,79.200000,77.900000,79.100000,2428900,0.016435,1
2022-05-10,78.900000,80.400000,78.100000,80.400000,2617900,0.001244,1
2022-05-11,80.200000,80.500000,78.700000,80.500000,1983600,-0.018634,0
2022-05-12,80.000000,80.000000,77.100000,79.000000,2474100,-0.012658,0
2022-05-13,79.000000,79.000000,77.200000,78.000000,3134600,-0.012821,0
2022-05-16,79.000000,79.000000,76.200000,77.000000,1994100,0.012987,1
2022-05-17,76.000000,78.000000,75.200000,78.000000,1857400,0.000000,0
2022-05-18,78.000000,78.000000,76.000000,78.000000,2964900,-0.001282,0
2022-05-19,76.400000,79.000000,76.200000,77.900000,2650300,-0.001284,0
2022-05-20,77.900000,77.900000,76.500000,77.800000,2331100,-0.005141,0
2022-05-23,77.600000,77.700000,76.200000,77.400000,2644700,0.002584,1
2022-05-24,77.000000,77.600000,76.400000,77.600000,1568300,0.001289,1
2022-05-25,77.600000,78.100000,76.700000,77.700000,1360400,0.000000,0
2022-05-26,77.700000,77.700000,76.800000,77.700000,2076700,0.003861,1
2022-05-27,77.400000,78.000000,77.000000,78.000000,1575800,0.006410,1
2022-05-30,78.000000,78.500000,77.200000,78.500000,1390900,0.003822,1
2022-05-31,78.000000,79.500000,77.700000,78.800000,1776600,0.006345,1
2022-06-01,78.600000,79.400000,78.300000,79.300000,1539200,-0.005044,0
2022-06-02,79.200000,79.200000,77.600000,78.900000,2935600,-0.001267,0
2022-06-03,78.100000,79.200000,78.000000,78.800000,1249100,-0.003807,0
2022-06-06,78.700000,78.900000,77.900000,78.500000,1503500,-0.006369,0
2022-06-07,78.500000,78.500000,77.700000,78.000000,1562200,0.001282,1
2022-06-08,77.800000,78.700000,77.600000,78.100000,1441700,0.000000,0
2022-06-09,78.000000,78.200000,77.300000,78.100000,1542100,-0.001280,0
2022-06-10,77.800000,78.200000,77.500000,78.000000,979600,-0.020513,0
2022-06-13,76.600000,77.400000,76.200000,76.400000,1795500,0.002618,1
2022-06-14,76.200000,76.600000,75.200000,76.600000,2058500,0.001305,1
2022-06-15,76.600000,76.900000,75.300000,76.700000,2037200,-0.001304,0
2022-06-16,76.000000,77.700000,75.800000,76.600000,1597800,0.000000,0
2022-06-17,75.800000,76.600000,75.100000,76.600000,3725300,-0.013055,0
2022-06-20,76.600000,76.600000,75.300000,75.600000,2132800,-0.007937,0
2022-06-21,75.200000,75.200000,73.800000,75.000000,1956200,0.000000,0
2022-06-22,74.700000,75.000000,73.600000,75.000000,1418900,-0.010667,0
2022-06-23,74.100000,74.200000,73.000000,74.200000,1548900,0.005391,1
2022-06-24,73.500000,74.600000,72.000000,74.600000,1514800,-0.010724,0
2022-06-27,73.800000,74.800000,73.500000,73.800000,1822400,-0.002710,0
2022-06-28,73.000000,73.800000,72.400000,73.600000,2228300,-0.002717,0
2022-06-29,72.800000,73.400000,72.300000,73.400000,1429300,0.001362,1
2022-06-30,72.700000,73.500000,72.400000,73.500000,1878800,-0.012245,0
2022-07-01,73.200000,73.400000,72.100000,72.600000,1866600,0.001377,1
2022-07-04,72.400000,72.700000,72.200000,72.700000,758300,-0.005502,0
2022-07-05,72.700000,72.800000,72.000000,72.300000,1478700,-0.066390,0
2022-07-06,72.000000,72.100000,67.500000,67.500000,2171700,0.034074,1
2022-07-07,68.000000,69.800000,66.500000,69.800000,2174100,0.002865,1
2022-07-08,70.000000,70.700000,67.500000,70.000000,1413800,0.000000,0
2022-07-11,67.700000,70.000000,66.200000,70.000000,2385900,-0.001429,0
2022-07-12,68.600000,70.200000,68.000000,69.900000,1212400,-0.005722,0
2022-07-13,68.600000,70.000000,68.300000,69.500000,2004600,0.000000,0
2022-07-14,69.500000,69.800000,68.500000,69.500000,1414300,0.001439,1
2022-07-15,69.100000,69.800000,68.600000,69.600000,1582500,-0.022989,0
2022-07-18,69.600000,69.600000,68.000000,68.000000,1088000,0.011765,1
2022-07-19,68.000000,69.000000,68.000000,68.800000,655400,-0.008721,0
2022-07-20,68.800000,69.000000,68.200000,68.200000,626100,0.004399,1
2022-07-21,68.200000,68.800000,68.100000,68.500000,930600,-0.029197,0
2022-07-22,68.100000,68.500000,66.500000,66.500000,674700,0.012030,1
2022-07-25,66.900000,67.400000,66.500000,67.300000,755800,-0.017831,0
2022-07-26,66.100000,67.600000,66.100000,66.100000,592700,0.006051,1
2022-07-27,66.200000,66.800000,66.000000,66.500000,581400,0.007519,1
2022-07-28,66.600000,67.100000,66.000000,67.000000,1152200,-0.044776,0
2022-07-29,67.800000,67.800000,64.000000,64.000000,1908500,0.010938,1
2022-08-01,64.900000,65.100000,64.100000,64.700000,1261800,0.029366,1
2022-08-02,64.800000,66.600000,64.500000,66.600000,1372600,-0.009009,0
2022-08-03,65.800000,66.400000,65.100000,66.000000,1250700,0.006061,1
2022-08-04,66.000000,66.400000,65.400000,66.400000,1146000,-0.015060,0
2022-08-05,65.900000,66.200000,65.200000,65.400000,1134900,-0.012232,0
2022-08-08,65.400000,65.700000,64.600000,64.600000,1010300,0.010836,1
2022-08-09,64.800000,65.400000,64.700000,65.300000,792000,-0.007657,0
2022-08-10,65.000000,65.600000,64.700000,64.800000,967900,0.015432,1
2022-08-11,65.600000,66.400000,65.000000,65.800000,1674000,0.006079,1
2022-08-12,65.800000,66.200000,65.500000,66.200000,811200,0.003021,1
2022-08-15,66.300000,66.500000,66.100000,66.400000,802100,-0.007530,0
2022-08-16,66.400000,66.400000,65.700000,65.900000,862200,0.021244,1
2022-08-17,66.200000,67.800000,66.000000,67.300000,2201000,0.011887,1
2022-08-18,67.200000,69.300000,67.200000,68.100000,2769100,-0.002937,0
2022-08-19,68.000000,68.400000,66.800000,67.900000,1221600,-0.027982,0
2022-08-22,67.200000,68.000000,66.000000,66.000000,1469100,-0.015152,0
2022-08-23,65.500000,65.600000,64.800000,65.000000,1437800,-0.001538,0
2022-08-24,65.200000,65.800000,64.900000,64.900000,787500,0.015408,1
2022-08-25,65.000000,65.900000,65.000000,65.900000,483000,-0.013657,0
2022-08-26,66.000000,66.000000,65.000000,65.000000,861300,-0.021538,0
2022-08-29,64.300000,64.400000,63.000000,63.600000,1337500,0.000000,0
2022-08-30,63.600000,64.100000,63.200000,63.600000,868400,0.001572,1
2022-08-31,64.000000,65.700000,63.700000,63.700000,1236800,0.004710,1
2022-09-05,64.800000,65.200000,64.000000,64.000000,1310100,-0.010938,0
2022-09-06,64.100000,64.800000,63.100000,63.300000,1335600,-0.012638,0
2022-09-07,63.300000,63.400000,62.500000,62.500000,1347400,0.006400,1
2022-09-08,63.300000,63.600000,62.400000,62.900000,841200,0.023847,1
2022-09-09,63.200000,64.400000,62.900000,64.400000,1193800,-0.006211,0
2022-09-12,64.900000,64.900000,63.800000,64.000000,552900,0.001562,1
2022-09-13,64.000000,64.300000,63.600000,64.100000,1059100,-0.010920,0
2022-09-14,63.500000,63.700000,62.100000,63.400000,711000,0.007886,1
2022-09-15,63.500000,64.000000,62.800000,63.900000,851300,-0.021909,0
2022-09-16,63.200000,64.500000,62.500000,62.500000,1684400,0.006400,1
2022-09-19,62.500000,63.300000,62.100000,62.900000,786000,0.015898,1
2022-09-20,62.600000,63.900000,62.600000,63.900000,800100,-0.012520,0
2022-09-21,63.500000,63.600000,62.700000,63.100000,482700,0.003170,1
2022-09-22,62.500000,63.300000,58.700000,63.300000,1238700,-0.011058,0
2022-09-23,63.000000,63.300000,62.000000,62.600000,324200,-0.009585,0
2022-09-26,61.800000,62.600000,61.600000,62.000000,1195900,-0.016129,0
2022-09-27,62.100000,62.200000,60.800000,61.000000,639100,-0.057377,0
2022-09-28,60.100000,60.800000,57.500000,57.500000,1138100,-0.050435,0
2022-09-29,57.700000,58.200000,54.300000,54.600000,1701100,0.007326,1
2022-09-30,53.300000,56.400000,53.300000,55.000000,1724300,0.009091,1
2022-10-03,54.900000,55.500000,53.000000,55.500000,1452700,0.027027,1
2022-10-04,56.000000,57.000000,54.600000,57.000000,1296700,0.052632,1
2022-10-05,57.500000,60.900000,57.000000,60.000000,1328100,0.001667,1
2022-10-06,59.800000,62.000000,58.100000,60.100000,1011900,0.001664,1
2022-10-07,60.500000,60.700000,58.300000,60.200000,2987900,0.000000,0
2022-10-10,60.200000,60.900000,57.700000,60.200000,1238400,-0.003322,0
2022-10-11,58.300000,60.100000,56.700000,60.000000,2186800,0.000000,0
2022-10-12,60.000000,60.200000,58.300000,60.000000,1709700,0.006667,1
2022-10-13,58.700000,61.000000,58.200000,60.400000,1246400,-0.011589,0
2022-10-14,60.500000,60.500000,58.400000,59.700000,779400,-0.061977,0
2022-10-17,58.600000,59.000000,56.000000,56.000000,738700,0.042857,1
2022-10-18,56.500000,58.600000,56.500000,58.400000,606100,0.001712,1
2022-10-19,58.500000,58.700000,56.500000,58.500000,826400,0.001709,1
2022-10-20,58.100000,58.700000,57.200000,58.600000,1099200,-0.030717,0
2022-10-21,58.500000,58.500000,54.500000,56.800000,1414600,-0.005282,0
2022-10-24,56.000000,56.600000,52.900000,56.500000,1606100,-0.007080,0
2022-10-25,56.300000,56.300000,53.000000,56.100000,1446700,-0.023173,0
2022-10-26,56.100000,56.100000,53.500000,54.800000,1054100,0.003650,1
2022-10-27,54.600000,55.000000,52.500000,55.000000,1974800,0.012727,1
2022-10-28,55.400000,55.800000,53.500000,55.700000,1281000,-0.005386,0
2022-10-31,56.000000,56.400000,54.300000,55.400000,1052800,0.000000,0
2022-11-01,55.700000,55.800000,54.000000,55.400000,1419100,0.000000,0
2022-11-02,55.300000,55.400000,54.000000,55.400000,1352500,-0.005415,0
2022-11-03,54.400000,55.100000,54.300000,55.100000,909700,-0.014519,0
2022-11-04,54.900000,54.900000,52.100000,54.300000,1617900,-0.016575,0
2022-11-07,54.000000,54.000000,51.700000,53.400000,1702500,-0.001873,0
2022-11-08,52.200000,53.300000,49.700000,53.300000,2476100,0.007505,1
2022-11-09,53.300000,54.300000,52.200000,53.700000,1573900,-0.013035,0
2022-11-10,53.600000,54.000000,52.000000,53.000000,1558000,0.024528,1
2022-11-11,53.000000,54.800000,52.500000,54.300000,938500,0.012891,1
2022-11-14,54.200000,55.500000,53.100000,55.000000,1394600,0.036364,1
2022-11-15,55.900000,57.500000,55.000000,57.000000,1583400,0.059649,1
2022-11-16,56.900000,60.900000,56.100000,60.400000,2249500,0.069536,1
2022-11-17,62.400000,64.600000,60.500000,64.600000,4785400,0.015480,1
2022-11-18,66.900000,66.900000,63.100000,65.600000,1693400,-0.024390,0
2022-11-21,66.000000,66.700000,63.600000,64.000000,1198200,-0.046875,0
2022-11-22,64.000000,65.900000,61.000000,61.000000,1466300,-0.021311,0
2022-11-23,60.100000,62.600000,59.700000,59.700000,998800,0.021776,1
2022-11-24,60.000000,62.100000,60.000000,61.000000,1141700,0.065574,1
2022-11-25,63.000000,65.000000,62.600000,65.000000,2290900,0.000000,0
2022-11-28,66.500000,67.100000,65.000000,65.000000,3249900,0.067692,1
2022-11-29,65.000000,69.400000,64.200000,69.400000,3559000,0.002882,1
2022-11-30,69.500000,70.200000,68.000000,69.600000,3225000,-0.051724,0
2022-12-01,69.400000,69.600000,66.000000,66.000000,3204600,0.042424,1
2022-12-02,65.100000,68.800000,65.100000,68.800000,3591400,-0.010174,0
2022-12-05,68.800000,70.000000,68.000000,68.100000,2301900,-0.022026,0
2022-12-06,68.100000,68.500000,65.000000,66.600000,1803300,0.069069,1
2022-12-07,69.200000,71.200000,68.500000,71.200000,9421500,-0.018258,0
2022-12-08,74.400000,74.500000,69.900000,69.900000,5602500,-0.030043,0
2022-12-09,70.500000,71.700000,67.800000,67.800000,2660700,-0.069322,0
2022-12-12,67.800000,68.000000,63.100000,63.100000,2851200,-0.023772,0
2022-12-13,63.900000,64.000000,60.100000,61.600000,2861100,-0.012987,0
2022-12-14,62.500000,63.700000,60.300000,60.800000,2897500,-0.003289,0
2022-12-15,61.100000,61.600000,60.300000,60.600000,2311900,-0.036304,0
2022-12-16,60.600000,60.800000,58.400000,58.400000,3284600,-0.032534,0
2022-12-19,59.000000,59.400000,56.500000,56.500000,2873600,-0.010619,0
2022-12-20,56.500000,57.800000,55.100000,55.900000,2088400,-0.017889,0
2022-12-21,56.600000,57.000000,54.800000,54.900000,2477400,0.001821,1
2022-12-22,56.000000,57.000000,55.000000,55.000000,2433400,0.001818,1
2022-12-23,55.300000,55.900000,53.900000,55.100000,1866300,-0.045372,0
2022-12-26,55.000000,55.000000,52.500000,52.600000,1832300,0.015209,1
2022-12-27,52.900000,54.800000,52.100000,53.400000,1844000,0.001873,1
2022-12-28,53.500000,53.500000,52.100000,53.500000,2089000,0.001869,1
2022-12-29,53.200000,54.000000,52.500000,53.600000,2135400,0.003731,1
2022-12-30,53.800000,53.900000,53.000000,53.800000,2461700,0.055762,1
2023-01-03,53.800000,56.800000,53.400000,56.800000,2009300,-0.014085,0
2023-01-04,56.900000,57.100000,55.900000,56.000000,1928400,0.003571,1
2023-01-05,56.100000,56.900000,55.800000,56.200000,1641900,-0.001779,0
2023-01-06,56.000000,56.100000,54.900000,56.100000,1951000,-0.019608,0
2023-01-09,56.200000,56.200000,55.000000,55.000000,1204200,-0.009091,0
2023-01-10,55.000000,55.000000,53.600000,54.500000,1742900,0.011009,1
2023-01-11,54.500000,55.500000,54.100000,55.100000,1085600,-0.001815,0
2023-01-12,55.500000,55.500000,54.500000,55.000000,1067000,0.000000,0
2023-01-13,55.000000,55.300000,54.400000,55.000000,1223800,-0.003636,0
2023-01-16,55.000000,55.000000,53.400000,54.800000,1687100,0.007299,1
2023-01-17,53.500000,55.200000,53.500000,55.200000,1371200,0.027174,1
2023-01-18,55.400000,56.700000,55.000000,56.700000,1647300,0.012346,1
2023-01-19,56.300000,57.400000,56.000000,57.400000,2343100,0.031359,1
2023-01-27,57.800000,59.300000,57.600000,59.200000,2197800,-0.025338,0
2023-01-30,59.500000,59.500000,57.500000,57.700000,1124500,-0.010399,0
2023-01-31,58.100000,58.500000,56.500000,57.100000,1377800,-0.033275,0
2023-02-01,57.600000,57.600000,54.800000,55.200000,1851600,0.010870,1
2023-02-02,55.200000,56.100000,55.100000,55.800000,1328600,0.003584,1
2023-02-03,56.000000,56.000000,55.000000,56.000000,1199400,0.000000,0
2023-02-06,55.300000,56.000000,54.300000,56.000000,1416100,-0.017857,0
2023-02-07,56.000000,56.000000,53.600000,55.000000,1645000,-0.010909,0
2023-02-08,54.600000,54.600000,53.000000,54.400000,2145800,-0.003676,0
2023-02-09,53.500000,54.500000,52.400000,54.200000,3006800,-0.003690,0
2023-02-10,53.500000,54.300000,52.600000,54.000000,1696000,-0.011111,0
2023-02-13,53.100000,53.600000,52.500000,53.400000,1405200,-0.009363,0
2023-02-14,53.100000,53.100000,50.800000,52.900000,3116200,0.000000,0
2023-02-15,52.700000,52.900000,50.900000,52.900000,3345700,0.009452,1
2023-02-16,53.000000,53.700000,51.400000,53.400000,3240500,0.001873,1
2023-02-17,53.400000,53.500000,52.200000,53.500000,1871500,0.011215,1
2023-02-20,53.300000,55.000000,53.000000,54.100000,1515200,0.003697,1
2023-02-21,54.200000,54.700000,53.700000,54.300000,1502600,-0.023941,0
2023-02-22,53.500000,53.600000,52.400000,53.000000,2557800,0.000000,0
2023-02-23,52.800000,53.100000,51.100000,53.000000,2387100,-0.001887,0
